Date,Daily_Return,Weekly_Return,Monthly_Return
2022-08-01,-0.25493626593351204,1.316789060521651,11.448467966573816
2022-08-02,-0.7667635561792212,1.316789060521651,11.448467966573816
2022-08-03,-1.2221604969445896,1.316789060521651,11.448467966573816
2022-08-04,4.805971675443529,1.316789060521651,11.448467966573816
2022-08-05,-1.219571686423728,1.316789060521651,11.448467966573816
2022-08-08,0.02963109289347173,1.2196950762309469,11.448467966573816
2022-08-10,-2.0982473463342384,1.2196950762309469,11.448467966573816
2022-08-11,2.5012607160867324,1.2196950762309469,11.448467966573816
2022-08-12,-8.683459608383352,1.2196950762309469,11.448467966573816
2022-08-16,-0.22628091158880545,-8.336214134031318,11.448467966573816
2022-08-17,-0.6587828716453397,-8.336214134031318,11.448467966573816
2022-08-18,0.5544382236234193,-8.336214134031318,11.448467966573816
2022-08-19,-0.5513811557381504,-8.336214134031318,11.448467966573816
2022-08-22,-1.8209490677827906,-0.8835730833467951,11.448467966573816
2022-08-23,2.1647658066659234,-0.8835730833467951,11.448467966573816
2022-08-24,-0.059610903376139876,-0.8835730833467951,11.448467966573816
2022-08-25,-0.7916711853378232,-0.8835730833467951,11.448467966573816
2022-08-26,-0.5356362046348904,-0.8835730833467951,11.448467966573816
2022-08-29,-1.0770414331245142,-1.081698102951573,11.448467966573816
2022-08-30,0.5666037106988138,-1.081698102951573,11.448467966573816
2022-09-01,-0.6186478126380934,-1.081698102951573,-9.502624343914016
2022-09-02,-1.083815028901734,-1.081698102951573,-9.502624343914016
2022-09-05,-0.3933247176490419,-2.2035388504231186,-9.502624343914016
2022-09-06,-0.38923675748858183,-2.2035388504231186,-9.502624343914016
2022-09-07,-0.39075773020726373,-2.2035388504231186,-9.502624343914016
2022-09-08,-1.0574791062596016,-2.2035388504231186,-9.502624343914016
2022-09-09,0.23559156467276543,-2.2035388504231186,-9.502624343914016
2022-09-12,0.3210272873194169,-1.9834803618587378,-9.502624343914016
2022-09-13,2.640000000000003,-1.9834803618587378,-9.502624343914016
2022-09-14,-2.1935196525999383,-1.9834803618587378,-9.502624343914016
2022-09-15,-0.3586065573770466,-1.9834803618587378,-9.502624343914016
2022-09-16,-1.6166809483004831,-1.9834803618587378,-9.502624343914016
2022-09-19,-0.3077459063987896,-1.2726438890162832,-9.502624343914016
2022-09-20,1.5143572718271303,-1.2726438890162832,-9.502624343914016
2022-09-21,-0.5508061277181787,-1.2726438890162832,-9.502624343914016
2022-09-22,1.344256620319619,-1.2726438890162832,-9.502624343914016
2022-09-23,-0.49527496299668783,-1.2726438890162832,-9.502624343914016
2022-09-26,2.0481720922249527,1.4922773197073536,-9.502624343914016
2022-09-27,1.468856870549983,1.4922773197073536,-9.502624343914016
2022-09-28,-1.0332062544892007,1.4922773197073536,-9.502624343914016
2022-09-29,1.5408664582402807,1.4922773197073536,-9.502624343914016
2022-09-30,0.6157906311853996,1.4922773197073536,1.0826336721166543
2022-10-03,0.0,4.697065049487952,1.0826336721166543
2022-10-03,2.1311475409836063,4.697065049487952,1.0826336721166543
2022-10-04,-0.25147137506688316,4.697065049487952,1.0826336721166543
2022-10-06,-1.3356219492570864,4.697065049487952,1.0826336721166543
2022-10-07,-0.08154833097749266,4.697065049487952,1.0826336721166543
2022-10-10,-0.7508569563088406,0.4316939890710432,1.0826336721166543
2022-10-11,-1.5898251192368842,0.4316939890710432,1.0826336721166543
2022-10-12,-0.6462035541195427,0.4316939890710432,1.0826336721166543
2022-10-13,-0.35884496776002756,0.4316939890710432,1.0826336721166543
2022-10-14,0.10128861628496888,0.4316939890710432,1.0826336721166543
2022-10-17,0.40474450503118875,-3.210185537842102,1.0826336721166543
2022-10-18,0.5374839034768567,-3.210185537842102,1.0826336721166543
2022-10-19,-0.2171854986913232,-3.210185537842102,1.0826336721166543
2022-10-20,1.278044424600965,-3.210185537842102,1.0826336721166543
2022-10-21,-0.3857386895905659,-3.210185537842102,1.0826336721166543
2022-10-24,-0.387232394755767,1.6189780201247936,1.0826336721166543
2022-10-25,3.9706780696395847,1.6189780201247936,1.0826336721166543
2022-10-27,-0.5715201367375304,1.6189780201247936,1.0826336721166543
2022-10-28,-3.1748589846897617,1.6189780201247936,1.0826336721166543
2022-10-31,0.4327563249001306,-0.29319024174364966,-1.0819672131147515
2022-11-01,2.1599823223953103,-0.29319024174364966,-1.0819672131147515
2022-11-02,0.27037257340615367,-0.29319024174364966,-1.0819672131147515
2022-11-03,0.0,-0.29319024174364966,-1.0819672131147515
2022-11-03,-2.02232648438764,-0.29319024174364966,-1.0819672131147515
2022-11-04,-0.3797886393659106,-0.29319024174364966,-1.0819672131147515
2022-11-07,0.0055251671363008474,0.4161118508655126,-1.0819672131147515
2022-11-09,-1.4751381215469639,0.4161118508655126,-1.0819672131147515
2022-11-10,-0.37010037570795207,0.4161118508655126,-1.0819672131147515
2022-11-11,-2.3414194855631303,0.4161118508655126,-1.0819672131147515
2022-11-14,0.0,-4.132825017956803,-1.0819672131147515
2022-11-14,0.19019076710277114,-4.132825017956803,-1.0819672131147515
2022-11-15,0.04601932811780687,-4.132825017956803,-1.0819672131147515
2022-11-16,0.45998160073597055,-4.132825017956803,-1.0819672131147515
2022-11-17,-0.6639194139194217,-4.132825017956803,-1.0819672131147515
2022-11-18,-0.3399400783590611,-4.132825017956803,-1.0819672131147515
2022-11-21,0.4220385037867812,-0.31122125525905503,-1.0819672131147515
2022-11-22,-0.44329303396661174,-0.31122125525905503,-1.0819672131147515
2022-11-23,-0.8153588157057717,-0.31122125525905503,-1.0819672131147515
2022-11-24,-0.5130597014925347,-0.31122125525905503,-1.0819672131147515
2022-11-25,1.8577121425222585,-0.31122125525905503,-1.0819672131147515
2022-11-28,1.0010931476900116,0.4856333468231406,-1.0819672131147515
2022-11-29,-0.6607804044431733,0.4856333468231406,-1.0819672131147515
2022-11-30,-0.4530076265840983,0.4856333468231406,-4.098994586233568
2022-12-01,-0.3859447004608321,0.4856333468231406,-4.098994586233568
2022-12-02,0.4510495576244697,0.4856333468231406,-4.098994586233568
2022-12-05,-0.5468884923147775,-0.05753408894770152,-4.098994586233568
2022-12-06,-0.7351238712664864,-0.05753408894770152,-4.098994586233568
2022-12-07,-0.268237214997967,-0.05753408894770152,-4.098994586233568
2022-12-08,-0.47360112261006315,-0.05753408894770152,-4.098994586233568
2022-12-09,0.9282105510515776,-0.05753408894770152,-4.098994586233568
2022-12-12,0.3026775320139724,-1.0995337056012844,-4.098994586233568
2022-12-13,-0.27274837511606576,-1.0995337056012844,-4.098994586233568
2022-12-14,0.6051789351178406,-1.0995337056012844,-4.098994586233568
2022-12-15,-0.4627219619411186,-1.0995337056012844,-4.098994586233568
2022-12-16,-0.7089313731187196,-1.0995337056012844,-4.098994586233568
2022-12-19,-0.029262012055948965,-0.5413271245634432,-4.098994586233568
2022-12-20,2.195293291183702,-0.5413271245634432,-4.098994586233568
2022-12-21,2.572034141032243,-0.5413271245634432,-4.098994586233568
2022-12-22,-1.8932201496704941,-0.5413271245634432,-4.098994586233568
2022-12-23,-1.5938976490009675,-0.5413271245634432,-4.098994586233568
2022-12-26,-1.8684560652513422,1.1704804822379586,-4.098994586233568
2022-12-27,0.8901202546569151,1.1704804822379586,-4.098994586233568
2022-12-28,-0.6719252118025124,1.1704804822379586,-4.098994586233568
2022-12-29,0.2235294117647032,1.1704804822379586,-4.098994586233568
2022-12-30,-1.0329850921469603,1.1704804822379586,-4.098994586233568
2023-01-02,-0.7591033092159859,-2.458494822699138,-2.8686635944700436
2023-01-03,1.5836022469224331,-2.458494822699138,-2.8686635944700436
2023-01-04,0.6823930819459915,-2.458494822699138,-2.8686635944700436
2023-01-05,0.3038270522933126,-2.458494822699138,-2.8686635944700436
2023-01-06,-0.4601852391215758,-2.458494822699138,-2.8686635944700436
2023-01-09,2.4227528089887693,1.3402917803344745,-2.8686635944700436
2023-01-10,-0.3942406582104954,1.3402917803344745,-2.8686635944700436
2023-01-11,-1.841335398382373,1.3402917803344745,-2.8686635944700436
2023-01-12,1.5194015895278168,1.3402917803344745,-2.8686635944700436
2023-01-13,0.2417683628828025,1.3402917803344745,-2.8686635944700436
2023-01-16,-0.528310554726085,1.9077715355805325,-2.8686635944700436
2023-01-17,-1.633760535734901,1.9077715355805325,-2.8686635944700436
2023-01-18,2.764246728094366,1.9077715355805325,-2.8686635944700436
2023-01-19,-0.4226156482010332,1.9077715355805325,-2.8686635944700436
2023-01-20,-1.1126405138793225,1.9077715355805325,-2.8686635944700436
2023-01-23,1.1135599118431763,-0.9877110370965916,-2.8686635944700436
2023-01-24,-0.8202363198348159,-0.9877110370965916,-2.8686635944700436
2023-01-25,-0.2486842866230961,-0.9877110370965916,-2.8686635944700436
2023-01-27,-1.263914656771797,-0.9877110370965916,-2.8686635944700436
2023-01-30,0.8103347034644718,-1.2295557359935068,-2.8686635944700436
2023-01-31,-0.9960391425908615,-1.2295557359935068,0.8006167714387379
2023-02-01,0.42360416544096285,-1.2295557359935068,0.8006167714387379
2023-02-02,0.42181732966194957,-1.2295557359935068,0.8006167714387379
2023-02-03,-0.1458491336561461,-1.2295557359935068,0.8006167714387379
2023-02-06,0.3856041131105478,0.5049911920140875,0.8006167714387379
2023-02-07,0.18042137120241583,0.5049911920140875,0.8006167714387379
2023-02-08,0.66229012955325,0.5049911920140875,0.8006167714387379
2023-02-09,1.1946672822762188,0.5049911920140875,0.8006167714387379
2023-02-10,-0.2395346184555746,0.5049911920140875,0.8006167714387379
2023-02-13,-2.0638005945575197,2.1967749474176292,0.8006167714387379
2023-02-14,-0.8639308855291551,2.1967749474176292,0.8006167714387379
2023-02-15,-0.6594830124241916,2.1967749474176292,0.8006167714387379
2023-02-16,2.2464584197735813,2.1967749474176292,0.8006167714387379
2023-02-17,-3.6637681159420317,2.1967749474176292,0.8006167714387379
2023-02-20,0.13840414008905733,-4.996569860507666,0.8006167714387379
2023-02-21,-2.217414818820976,-4.996569860507666,0.8006167714387379
2023-02-22,0.7927728613569237,-4.996569860507666,0.8006167714387379
2023-02-23,-0.018291567587339463,-4.996569860507666,0.8006167714387379
2023-02-24,-1.76241005000609,-4.996569860507666,0.8006167714387379
2023-02-27,0.732509777143209,-3.062943795883973,0.8006167714387379
2023-02-28,-0.41905466198311175,-3.062943795883973,-4.930281814437839
2023-03-01,-0.03094250881861501,-3.062943795883973,-4.930281814437839
2023-03-02,-0.32190169617432496,-3.062943795883973,-4.930281814437839
2023-03-03,-0.5092535088808872,-3.062943795883973,-4.930281814437839
2023-03-06,-0.07490636704120135,-0.5524861878453095,-4.930281814437839
2023-03-08,-0.13118440779609628,-0.5524861878453095,-4.930281814437839
2023-03-09,0.09382623381497467,-0.5524861878453095,-4.930281814437839
2023-03-10,-0.18122734658168296,-0.5524861878453095,-4.930281814437839
2023-03-13,-0.5509296938583832,-0.2933832709113636,-4.930281814437839
2023-03-14,-1.5864022662889548,-0.2933832709113636,-4.930281814437839
2023-03-15,-1.2985351500031954,-0.2933832709113636,-4.930281814437839
2023-03-16,1.270252754374589,-0.2933832709113636,-4.930281814437839
2023-03-17,0.20478689363881003,-0.2933832709113636,-4.930281814437839
2023-03-20,-0.21075488568143788,-1.9720778814249045,-4.930281814437839
2023-03-21,-0.17280000000000292,-1.9720778814249045,-4.930281814437839
2023-03-22,0.37825362225926984,-1.9720778814249045,-4.930281814437839
2023-03-23,0.19799450724914794,-1.9720778814249045,-4.930281814437839
2023-03-24,-0.37608363080060325,-1.9720778814249045,-4.930281814437839
2023-03-27,1.1005182673235534,-0.18520883893216655,-4.930281814437839
2023-03-28,0.1898614011771407,-0.18520883893216655,-4.930281814437839
2023-03-29,-0.6443054765965396,-0.18520883893216655,-4.930281814437839
2023-03-31,3.0389725983851457,-0.18520883893216655,0.2970480846587013
2023-04-03,0.0,3.6982532471687217,0.2970480846587013
2023-04-05,-0.012340346763746866,3.6982532471687217,0.2970480846587013
2023-04-06,2.486886763344644,3.6982532471687217,0.2970480846587013
2023-04-10,0.34922928709055606,2.4742395261306784,0.2970480846587013
2023-04-11,-0.5160206408256276,2.4742395261306784,0.2970480846587013
2023-04-12,-0.25331724969843455,2.4742395261306784,0.2970480846587013
2023-04-13,-0.8465352521465715,2.4742395261306784,0.2970480846587013
2023-04-17,-0.6342236858153351,-1.2644508670520231,0.2970480846587013
2023-04-18,1.8350312998649727,-1.2644508670520231,0.2970480846587013
2023-04-19,0.024106550955227565,-1.2644508670520231,0.2970480846587013
2023-04-20,0.10845333494004666,-1.2644508670520231,0.2970480846587013
2023-04-21,1.1916942521817608,-1.2644508670520231,0.2970480846587013
2023-04-24,-1.6832213168381582,2.530796438590072,0.2970480846587013
2023-04-25,-10.32667876588022,2.530796438590072,0.2970480846587013
2023-04-26,-5.3632867840518115,2.530796438590072,0.2970480846587013
2023-04-27,-0.3350441973196497,2.530796438590072,0.2970480846587013
2023-04-28,1.5878692511265322,2.530796438590072,0.2970480846587013
2023-05-02,-0.2534675772724009,-15.523701897341343,-12.365027457271555
2023-05-03,-0.04941060210348312,-15.523701897341343,-12.365027457271555
2023-05-04,0.6144067796610202,-15.523701897341343,-12.365027457271555
2023-05-05,-1.0739102969046084,-15.523701897341343,-12.365027457271555
2023-05-08,-0.19157088122605687,-0.7674434978525568,-12.365027457271555
2023-05-09,-0.5331627212625294,-0.7674434978525568,-12.365027457271555
2023-05-10,-0.7790165809033798,-0.7674434978525568,-12.365027457271555
2023-05-11,1.3541741698480123,-0.7674434978525568,-12.365027457271555
2023-05-12,-1.1584109160685065,-0.7674434978525568,-12.365027457271555
2023-05-15,-0.021570319240721496,-1.3197105151128237,-12.365027457271555
2023-05-16,-0.6616325062927036,-1.3197105151128237,-12.365027457271555
2023-05-17,-0.9773401867805691,-1.3197105151128237,-12.365027457271555
2023-05-18,-1.2794268167860798,-1.3197105151128237,-12.365027457271555
2023-05-19,-0.022217285047763796,-1.3197105151128237,-12.365027457271555
2023-05-22,1.059259259259256,-2.9335634167385645,-12.365027457271555
2023-05-23,1.018837499083786,-2.9335634167385645,-12.365027457271555
2023-05-24,-0.6094906399651785,-2.9335634167385645,-12.365027457271555
2023-05-25,-0.4672214921886307,-2.9335634167385645,-12.365027457271555
2023-05-26,0.4034032565644712,-2.9335634167385645,-12.365027457271555
2023-05-29,0.6793776024545222,1.4000000000000068,-12.365027457271555
2023-05-30,-0.16688434189522236,1.4000000000000068,-12.365027457271555
2023-05-31,1.8896722145504758,1.4000000000000068,-1.2955009505034052
2023-06-01,0.649119052714167,1.4000000000000068,-1.2955009505034052
2023-06-02,1.2331679659815797,1.4000000000000068,-1.2955009505034052
2023-06-05,1.5541865023802728,4.34655562860691,-1.2955009505034052
2023-06-06,3.13663311733076,4.34655562860691,-1.2955009505034052
2023-06-07,-0.2673618073658178,4.34655562860691,-1.2955009505034052
2023-06-08,-1.3739025534481604,4.34655562860691,-1.2955009505034052
2023-06-09,-1.0668659961946059,4.34655562860691,-1.2955009505034052
2023-06-12,0.3571673878700335,1.9252310277233267,-1.2955009505034052
2023-06-13,0.5885976319211647,1.9252310277233267,-1.2955009505034052
2023-06-14,-2.449479485609308,1.9252310277233267,-1.2955009505034052
2023-06-15,0.53009695194252,1.9252310277233267,-1.2955009505034052
2023-06-16,2.03982515784362,1.9252310277233267,-1.2955009505034052
2023-06-19,-1.0471204188481738,1.0165533347070508,-1.2955009505034052
2023-06-20,0.4878719164433544,1.0165533347070508,-1.2955009505034052
2023-06-21,0.8274070021881775,1.0165533347070508,-1.2955009505034052
2023-06-22,-0.9087826381824409,1.0165533347070508,-1.2955009505034052
2023-06-23,-0.45855862021763183,1.0165533347070508,-1.2955009505034052
2023-06-26,1.8289328932893225,-1.1083157680016287,-1.2955009505034052
2023-06-27,-0.614449696151243,-1.1083157680016287,-1.2955009505034052
2023-06-28,1.3655819009443513,-1.1083157680016287,-1.2955009505034052
2023-06-30,-0.42225201072385754,-1.1083157680016287,5.977601826093156
2023-07-03,0.5182742141751393,2.1520902090208986,5.977601826093156
2023-07-04,-0.08704968528191924,2.1520902090208986,5.977601826093156
2023-07-05,0.5428590577039164,2.1520902090208986,5.977601826093156
2023-07-06,1.3264898013598097,2.1520902090208986,5.977601826093156
2023-07-07,-0.09867771857114666,2.1520902090208986,5.977601826093156
2023-07-10,-0.5597260634795207,2.214444369657391,5.977601826093156
2023-07-11,1.350903913648109,2.214444369657391,5.977601826093156
2023-07-12,-0.045736687357075825,2.214444369657391,5.977601826093156
2023-07-13,0.5687017910838048,2.214444369657391,5.977601826093156
2023-07-14,0.7409814754631193,2.214444369657391,5.977601826093156
2023-07-17,1.516226853345377,2.061108916106953,5.977601826093156
2023-07-18,0.8516588280157533,2.061108916106953,5.977601826093156
2023-07-19,0.1890597428787497,2.061108916106953,5.977601826093156
2023-07-20,-1.2139891810290575,2.061108916106953,5.977601826093156
2023-07-21,1.1970709964979276,2.061108916106953,5.977601826093156
2023-07-24,-0.2705593657585072,2.542099490289687,5.977601826093156
2023-07-25,0.8075709779179782,2.542099490289687,5.977601826093156
2023-07-26,-0.4506196019526878,2.542099490289687,5.977601826093156
2023-07-27,3.954482585187985,2.542099490289687,5.977601826093156
2023-07-28,3.6891442394919864,2.542099490289687,5.977601826093156
2023-07-31,1.8955963837853602,7.8776819983640625,17.587669112202995
2023-08-01,3.3085289066971924,7.8776819983640625,17.587669112202995
2023-08-02,-1.5735815602836805,7.8776819983640625,17.587669112202995
2023-08-03,0.7149290700292624,7.8776819983640625,17.587669112202995
2023-08-04,1.5370856855402157,7.8776819983640625,17.587669112202995
2023-08-07,2.400088076626673,5.955088947214926,17.587669112202995
2023-08-08,-2.1180518223846945,5.955088947214926,17.587669112202995
2023-08-09,0.1647627416520211,5.955088947214926,17.587669112202995
2023-08-10,-1.2117556749643552,5.955088947214926,17.587669112202995
2023-08-11,0.688238885497023,5.955088947214926,17.587669112202995
2023-08-14,-2.4915936276941637,-0.137619729164373,17.587669112202995
2023-08-16,0.5879360054270939,-0.137619729164373,17.587669112202995
2023-08-17,-0.12926431742819955,-0.137619729164373,17.587669112202995
2023-08-18,-1.2099043331457513,-0.137619729164373,17.587669112202995
2023-08-21,1.0538308174309314,-3.2302519155504057,17.587669112202995
2023-08-22,-0.23111612175873217,-3.2302519155504057,17.587669112202995
2023-08-23,-0.892705802587727,-3.2302519155504057,17.587669112202995
2023-08-24,0.729718944187913,-3.2302519155504057,17.587669112202995
2023-08-25,0.056596298602071424,-3.2302519155504057,17.587669112202995
2023-08-28,1.0973471350189412,0.7063514668185754,17.587669112202995
2023-08-29,-0.5874783192525038,0.7063514668185754,17.587669112202995
2023-08-30,0.24200810445744905,0.7063514668185754,17.587669112202995
2023-08-31,-1.9201616978271754,0.7063514668185754,-0.005724098454488211
2023-09-01,-0.7613486747953622,0.7063514668185754,-0.005724098454488211
2023-09-04,1.1709736963544175,-1.9401549861417604,-0.005724098454488211
2023-09-05,1.7845943326301357,-1.9401549861417604,-0.005724098454488211
2023-09-06,0.5433564866681629,-1.9401549861417604,-0.005724098454488211
2023-09-07,0.005571341021778876,-1.9401549861417604,-0.005724098454488211
2023-09-08,0.5961002785515346,-1.9401549861417604,-0.005724098454488211
2023-09-11,-0.3488951653098496,4.158975542224281,-0.005724098454488211
2023-09-12,-0.33344448149383127,4.158975542224281,-0.005724098454488211
2023-09-13,-0.9423441507750692,4.158975542224281,-0.005724098454488211
2023-09-14,1.480439065578382,4.158975542224281,-0.005724098454488211
2023-09-15,3.2560461504326628,4.158975542224281,-0.005724098454488211
2023-09-18,-0.3438087563792689,3.090214321315831,-0.005724098454488211
2023-09-20,-1.5416958654519923,3.090214321315831,-0.005724098454488211
2023-09-21,-1.4453873528606676,3.090214321315831,-0.005724098454488211
2023-09-22,-0.6444086439642192,3.090214321315831,-0.005724098454488211
2023-09-25,-0.22924238188425544,-3.9215686274509802,-0.005724098454488211
2023-09-26,1.4458641560188272,-3.9215686274509802,-0.005724098454488211
2023-09-27,1.944536515302179,-3.9215686274509802,-0.005724098454488211
2023-09-28,0.13005310501787493,-3.9215686274509802,-0.005724098454488211
2023-09-29,1.271782660461089,-3.9215686274509802,-0.005724098454488211
2023-10-03,-0.021375514348306715,4.629577858540674,7.1211861010933575
2023-10-04,-1.491260890480522,4.629577858540674,7.1211861010933575
2023-10-05,0.5914270211611552,4.629577858540674,7.1211861010933575
2023-10-06,0.7497707535465701,4.629577858540674,7.1211861010933575
2023-10-09,0.23557126030624753,-0.18703575054774757,7.1211861010933575
2023-10-10,1.6664886230103644,-0.18703575054774757,7.1211861010933575
2023-10-11,-1.0454975307344798,-0.18703575054774757,7.1211861010933575
2023-10-12,0.40350411468011194,-0.18703575054774757,7.1211861010933575
2023-10-13,1.4383163238326926,-0.18703575054774757,7.1211861010933575
2023-10-16,0.4848042537663533,2.703715601242103,7.1211861010933575
2023-10-17,0.970118281801206,2.703715601242103,7.1211861010933575
2023-10-18,-0.894004007604165,2.703715601242103,7.1211861010933575
2023-10-19,-1.819689978744369,2.703715601242103,7.1211861010933575
2023-10-20,-1.161685500052804,2.703715601242103,7.1211861010933575
2023-10-23,6.720803504647931,-2.4240212688317784,7.1211861010933575
2023-10-25,-0.5206247496996328,-2.4240212688317784,7.1211861010933575
2023-10-26,-1.3939210950080538,-2.4240212688317784,7.1211861010933575
2023-10-27,0.3317172748150038,-2.4240212688317784,7.1211861010933575
2023-10-30,-0.3306205493387589,5.032588951811094,7.1211861010933575
2023-10-31,0.40826741515692777,5.032588951811094,5.140811200769521
2023-11-01,-0.5082592121982211,5.032588951811094,5.140811200769521
2023-11-02,-0.35249042145594334,5.032588951811094,5.140811200769521
2023-11-03,-0.5639290474725726,5.032588951811094,5.140811200769521
2023-11-06,1.531243555372244,-1.3428280773143484,5.140811200769521
2023-11-07,2.2190626110800813,-1.3428280773143484,5.140811200769521
2023-11-08,4.714356681569801,-1.3428280773143484,5.140811200769521
2023-11-09,-0.7163527681578779,-1.3428280773143484,5.140811200769521
2023-11-10,0.4157110091743032,-1.3428280773143484,5.140811200769521
2023-11-12,-1.7083035926719052,6.496184780367087,5.140811200769521
2023-11-13,2.0962432223082974,6.496184780367087,5.140811200769521
2023-11-15,0.2750248944947473,6.496184780367087,5.140811200769521
2023-11-16,1.3713529105783326,6.496184780367087,5.140811200769521
2023-11-17,0.8583290572374909,6.496184780367087,5.140811200769521
2023-11-20,-1.8778039868646184,4.671766072811774,5.140811200769521
2023-11-21,1.3339618194673666,4.671766072811774,5.140811200769521
2023-11-22,1.432691413154699,4.671766072811774,5.140811200769521
2023-11-23,-2.196643125745212,4.671766072811774,5.140811200769521
2023-11-24,2.3866460355418058,4.671766072811774,5.140811200769521
2023-11-28,0.5358124198571292,0.9944035891031867,5.140811200769521
2023-11-29,2.113606340819006,0.9944035891031867,5.140811200769521
2023-11-30,1.0795378507382913,0.9944035891031867,15.16645489199492
2023-12-01,1.4784412374773819,0.9944035891031867,15.16645489199492
2023-12-04,-0.6219013655736358,5.30316907858583,15.16645489199492
2023-12-05,0.17942321999036842,5.30316907858583,15.16645489199492
2023-12-06,-1.5813384588502455,5.30316907858583,15.16645489199492
2023-12-07,0.5193075898801517,5.30316907858583,15.16645489199492
2023-12-08,-1.152470525897466,5.30316907858583,15.16645489199492
2023-12-11,-0.9336192263021572,-2.6441680438375306,15.16645489199492
2023-12-12,-1.5601749560355282,-2.6441680438375306,15.16645489199492
2023-12-13,0.7237414685538996,-2.6441680438375306,15.16645489199492
2023-12-14,0.4502251125562823,-2.6441680438375306,15.16645489199492
2023-12-15,0.9009416877942609,-2.6441680438375306,15.16645489199492
2023-12-18,0.9153318077803245,-0.4422406861431293,15.16645489199492
2023-12-19,-1.5028233515628353,-0.4422406861431293,15.16645489199492
2023-12-20,-4.166478580779135,-0.4422406861431293,15.16645489199492
2023-12-21,0.268487988695234,-0.4422406861431293,15.16645489199492
2023-12-22,-0.15972189599284242,-0.4422406861431293,15.16645489199492
2023-12-26,-0.3811226650355415,-4.639475927670824,15.16645489199492
2023-12-27,0.04250897411676228,-4.639475927670824,15.16645489199492
2023-12-28,3.8430668995798167,-4.639475927670824,15.16645489199492
2023-12-29,1.218458740622877,-4.639475927670824,15.16645489199492
2024-01-01,0.5569779454700461,4.752270267726908,-1.7476499404210206
2024-01-02,-0.5360253718676018,4.752270267726908,-1.7476499404210206
2024-01-03,-0.27843894552475945,4.752270267726908,-1.7476499404210206
2024-01-04,-0.03602792163927863,4.752270267726908,-1.7476499404210206
2024-01-05,0.319863044555587,4.752270267726908,-1.7476499404210206
2024-01-08,-2.2723190228130212,0.022458788123792837,-1.7476499404210206
2024-01-09,1.3739545997610558,0.022458788123792837,-1.7476499404210206
2024-01-10,1.196681927383169,0.022458788123792837,-1.7476499404210206
2024-01-11,2.517357222844337,0.022458788123792837,-1.7476499404210206
2024-01-12,-0.786472670074715,0.022458788123792837,-1.7476499404210206
2024-01-15,0.3699299775399697,1.9714388359978279,-1.7476499404210206
2024-01-16,-0.4387696897898293,1.9714388359978279,-1.7476499404210206
2024-01-17,-0.9739544312723067,1.9714388359978279,-1.7476499404210206
2024-01-18,-3.7472185135736455,1.9714388359978279,-1.7476499404210206
2024-01-19,1.71536896615498,1.9714388359978279,-1.7476499404210206
2024-01-20,-2.0228192190554117,1.9714388359978279,-1.7476499404210206
2024-01-23,0.3989978658253646,-5.077729334566421,-1.7476499404210206
2024-01-24,1.5203327171903924,-5.077729334566421,-1.7476499404210206
2024-01-25,1.5476353042924118,-5.077729334566421,-1.7476499404210206
2024-01-29,1.5374960778161157,3.5028301011413197,-1.7476499404210206
2024-01-30,-2.551651068338325,3.5028301011413197,-1.7476499404210206
2024-01-31,1.4995016761801172,3.5028301011413197,0.6378295827157084
2024-02-01,-0.5177415755411698,3.5028301011413197,0.6378295827157084
2024-02-02,-0.511463053524164,3.5028301011413197,0.6378295827157084
2024-02-05,2.3089064261555725,-0.600654444394643,0.6378295827157084
2024-02-06,5.712522590029549,-0.600654444394643,0.6378295827157084
2024-02-07,2.1973898177875917,-0.600654444394643,0.6378295827157084
2024-02-08,-0.795593635250918,-0.600654444394643,0.6378295827157084
2024-02-09,-1.6574131194735835,-0.600654444394643,0.6378295827157084
2024-02-12,-2.2917363666778074,7.833145434047342,0.6378295827157084
2024-02-13,-0.6462934429036085,7.833145434047342,0.6378295827157084
2024-02-14,-0.5126437771938177,7.833145434047342,0.6378295827157084
2024-02-15,-0.2035160647787422,7.833145434047342,0.6378295827157084
2024-02-16,7.732025860198736,7.833145434047342,0.6378295827157084
2024-02-19,-0.4430303274396874,3.83489461358315,0.6378295827157084
2024-02-20,-0.0445001820461956,3.83489461358315,0.6378295827157084
2024-02-21,-1.2182289137121727,3.83489461358315,0.6378295827157084
2024-02-22,0.8481173433851057,3.83489461358315,0.6378295827157084
2024-02-23,-1.056309417404729,3.83489461358315,0.6378295827157084
2024-02-26,-0.26279050669294945,-1.9130855048531958,0.6378295827157084
2024-02-27,-1.6179497735693775,-1.9130855048531958,0.6378295827157084
2024-02-28,-0.548185964765448,-1.9130855048531958,0.6378295827157084
2024-02-29,0.41656147437516167,-1.9130855048531958,6.516402588707877
2024-03-01,-0.016760946993508944,-1.9130855048531958,6.516402588707877
2024-03-02,0.4945308243577462,-1.9130855048531958,6.516402588707877
2024-03-04,0.23770799449517568,-1.5397881251539787,6.516402588707877
2024-03-05,-1.006823098685298,-1.5397881251539787,6.516402588707877
2024-03-06,0.7564932335882996,-1.5397881251539787,6.516402588707877
2024-03-07,-0.9301743555518555,-1.5397881251539787,6.516402588707877
2024-03-11,0.17683465959329178,-0.9508319779807407,6.516402588707877
2024-03-12,-1.0423233724204675,-0.9508319779807407,6.516402588707877
2024-03-13,-3.7375238904225947,-0.9508319779807407,6.516402588707877
2024-03-14,4.407677035076112,-0.9508319779807407,6.516402588707877
2024-03-15,-1.4874915483434867,-0.9508319779807407,6.516402588707877
2024-03-18,-0.04718599862731251,-1.8483432276535765,6.516402588707877
2024-03-19,-1.793914424273625,-1.8483432276535765,6.516402588707877
2024-03-20,1.4683389415723422,-1.8483432276535765,6.516402588707877
2024-03-21,1.1369998707954732,-1.8483432276535765,6.516402588707877
2024-03-22,1.8651790657070955,-1.8483432276535765,6.516402588707877
2024-03-26,0.40550144224740914,2.612388469457794,6.516402588707877
2024-03-27,0.36639187276208374,2.612388469457794,6.516402588707877
2024-03-28,2.6632373682900634,2.612388469457794,6.516402588707877
2024-04-01,0.294973331178266,3.4572133272020515,3.699979048816266
2024-04-02,-0.6043269811852867,3.4572133272020515,3.699979048816266
2024-04-03,-0.7458149244051758,3.4572133272020515,3.699979048816266
2024-04-04,4.230816351533482,3.4572133272020515,3.699979048816266
2024-04-05,3.009050660188838,3.4572133272020515,3.699979048816266
2024-04-08,-1.5252367730402003,6.234847260384666,3.699979048816266
2024-04-09,2.1359598300502194,6.234847260384666,3.699979048816266
2024-04-10,0.658019135498984,6.234847260384666,3.699979048816266
2024-04-12,0.6123905774505084,6.234847260384666,3.699979048816266
2024-04-15,-0.8476474981329283,1.8599520748545164,3.699979048816266
2024-04-16,1.0431966256166842,1.8599520748545164,3.699979048816266
2024-04-18,0.805068952664924,1.8599520748545164,3.699979048816266
2024-04-19,-1.061155069141456,1.8599520748545164,3.699979048816266
2024-04-22,-0.6726708770880825,-0.0784167289021624,3.699979048816266
2024-04-23,-0.376236878738854,-0.0784167289021624,3.699979048816266
2024-04-24,1.7598851920389706,-0.0784167289021624,3.699979048816266
2024-04-25,-1.3954351456670964,-0.0784167289021624,3.699979048816266
2024-04-26,0.7565207572735108,-0.0784167289021624,3.699979048816266
2024-04-29,-0.33619723571161747,0.04110766471093497,3.699979048816266
2024-04-30,0.4122938530734633,0.04110766471093497,8.251171811863577
2024-05-02,0.8585293019783502,0.04110766471093497,8.251171811863577
2024-05-03,-0.9844559585492194,0.04110766471093497,8.251171811863577
2024-05-06,-0.10465724751439716,-0.05976839745983971,8.251171811863577
2024-05-07,-3.2178403053206615,-0.05976839745983971,8.251171811863577
2024-05-08,1.7899945874893755,-0.05976839745983971,8.251171811863577
2024-05-09,-2.445972121994762,-0.05976839745983971,8.251171811863577
2024-05-10,2.234767373953673,-0.05976839745983971,8.251171811863577
2024-05-13,-1.115807913477291,-1.8501906257008298,8.251171811863577
2024-05-14,-0.6431487329584772,-1.8501906257008298,8.251171811863577
2024-05-15,-1.0581805496337138,-1.8501906257008298,8.251171811863577
2024-05-16,0.8775366293191292,-1.8501906257008298,8.251171811863577
2024-05-17,1.1029126213592269,-1.8501906257008298,8.251171811863577
2024-05-18,0.6184220634554778,-1.8501906257008298,8.251171811863577
2024-05-21,-0.21378125596487532,-0.24372596062302793,8.251171811863577
2024-05-22,0.8837369447951302,-0.24372596062302793,8.251171811863577
2024-05-23,-0.735684489950705,-0.24372596062302793,8.251171811863577
2024-05-24,-0.8442848410757912,-0.24372596062302793,8.251171811863577
2024-05-27,-0.08861491042189103,-0.9162053827066234,8.251171811863577
2024-05-28,1.785438840043197,-0.9162053827066234,8.251171811863577
2024-05-29,-1.9511271074067058,-0.9162053827066234,8.251171811863577
2024-05-30,-3.4466769706336873,-0.9162053827066234,8.251171811863577
2024-05-31,-7.783736193372818,-0.9162053827066234,-13.986562150055985
2024-06-03,-2.1568372173762214,-11.219418223848962,-13.986562150055985
2024-06-04,1.113279517431026,-11.219418223848962,-13.986562150055985
2024-06-05,3.20217572487608,-11.219418223848962,-13.986562150055985
2024-06-06,-1.2411272155395852,-11.219418223848962,-13.986562150055985
2024-06-07,0.6843124596513919,-11.219418223848962,-13.986562150055985
2024-06-10,0.5984440454817475,1.5232391615675003,-13.986562150055985
2024-06-11,-0.25495028469448455,1.5232391615675003,-13.986562150055985
2024-06-12,0.48990372326829684,1.5232391615675003,-13.986562150055985
2024-06-13,1.7253804739497145,1.5232391615675003,-13.986562150055985
2024-06-14,-1.5377562927154564,1.5232391615675003,-13.986562150055985
2024-06-18,-1.5660049942861982,0.9959818756946108,-13.986562150055985
2024-06-19,-2.5325708388872012,0.9959818756946108,-13.986562150055985
2024-06-20,-0.7014293276866106,0.9959818756946108,-13.986562150055985
2024-06-21,0.972944155671069,0.9959818756946108,-13.986562150055985
2024-06-24,-0.9679690249912002,-3.8049688915223956,-13.986562150055985
2024-06-25,-2.1014750311000614,-3.8049688915223956,-13.986562150055985
2024-06-26,0.5037440435670483,-3.8049688915223956,-13.986562150055985
2024-06-27,-1.7294319515939551,-3.8049688915223956,-13.986562150055985
2024-06-28,3.818407388687217,-3.8049688915223956,-13.986562150055985
