,Date,Open,High,Low,Close,Shares Traded,Turnover (â‚¹ Cr)
0,30-JUN-2022,15774.5,15890.0,15728.85,15780.25,306027777.0,23970.65
1,01-JUL-2022,15703.7,15793.95,15511.05,15752.05,364090131.0,25891.94
2,04-JUL-2022,15710.5,15852.35,15661.8,15835.35,304328467.0,19875.22
3,05-JUL-2022,15909.15,16025.75,15785.45,15810.85,254164463.0,19129.6
4,06-JUL-2022,15818.2,16011.35,15800.9,15989.8,288375300.0,22836.77
5,07-JUL-2022,16113.75,16150.5,16045.95,16132.9,264615218.0,21465.33
6,08-JUL-2022,16273.65,16275.5,16157.9,16220.6,281102369.0,20990.69
7,11-JUL-2022,16136.15,16248.55,16115.5,16216.0,255915072.0,20240.69
8,12-JUL-2022,16126.2,16158.75,16031.15,16058.3,208648707.0,16042.52
9,13-JUL-2022,16128.2,16140.0,15950.15,15966.65,233264100.0,19649.66
10,14-JUL-2022,16018.85,16070.85,15858.2,15938.65,228603433.0,18858.83
11,15-JUL-2022,16010.8,16066.95,15927.3,16049.2,205768079.0,17031.43
12,18-JUL-2022,16151.4,16287.95,16142.2,16278.5,227744850.0,19420.93
13,19-JUL-2022,16187.05,16359.5,16187.05,16340.55,222630928.0,18068.59
14,20-JUL-2022,16562.8,16588.0,16490.95,16520.85,284359582.0,22061.81
15,21-JUL-2022,16523.55,16626.95,16483.9,16605.25,243625339.0,20603.17
16,22-JUL-2022,16661.25,16752.25,16610.9,16719.45,190906776.0,18600.11
17,25-JUL-2022,16662.55,16706.05,16564.25,16631.0,211392171.0,19384.43
18,26-JUL-2022,16632.9,16636.1,16463.3,16483.85,208208122.0,20087.54
19,27-JUL-2022,16475.35,16653.45,16438.75,16641.8,185210970.0,17608.03
20,28-JUL-2022,16774.85,16947.65,16746.25,16929.6,376256315.0,26674.28
21,29-JUL-2022,17079.5,17172.8,17018.15,17158.25,436059722.0,28241.29
22,01-AUG-2022,17243.2,17356.25,17154.8,17340.05,381532671.0,23221.04
23,02-AUG-2022,17310.15,17390.15,17215.85,17345.45,333639093.0,22576.94
24,03-AUG-2022,17349.25,17407.5,17225.85,17388.15,285414666.0,20842.13
25,04-AUG-2022,17463.1,17490.7,17161.25,17382.0,324981426.0,21848.21
26,05-AUG-2022,17423.65,17474.4,17348.75,17397.5,355310802.0,20013.14
27,08-AUG-2022,17401.5,17548.8,17359.75,17525.1,256994113.0,18475.21
28,10-AUG-2022,17566.1,17566.1,17442.8,17534.75,312716544.0,21952.35
29,11-AUG-2022,17711.65,17719.3,17631.95,17659.0,311247237.0,20476.53
30,12-AUG-2022,17659.65,17724.65,17597.85,17698.15,303872483.0,18422.47
31,16-AUG-2022,17797.2,17839.1,17764.05,17825.25,278042725.0,18495.27
32,17-AUG-2022,17868.15,17965.95,17833.35,17944.25,262768582.0,21209.54
33,18-AUG-2022,17898.65,17968.45,17852.05,17956.5,263914197.0,18441.68
34,19-AUG-2022,17966.55,17992.2,17710.75,17758.45,295627263.0,21531.99
35,22-AUG-2022,17682.9,17690.05,17467.35,17490.7,287559133.0,19605.44
36,23-AUG-2022,17357.35,17625.55,17345.2,17577.5,285616338.0,20365.8
37,24-AUG-2022,17525.45,17623.65,17499.25,17604.95,261953239.0,17819.88
38,25-AUG-2022,17679.0,17726.5,17487.45,17522.45,230181848.0,17566.7
39,26-AUG-2022,17619.3,17685.85,17519.35,17558.9,266636238.0,17500.8
40,29-AUG-2022,17188.65,17380.15,17166.2,17312.9,244854637.0,19351.5
41,30-AUG-2022,17414.95,17777.65,17401.5,17759.3,324687477.0,26284.26
42,01-SEP-2022,17485.7,17695.6,17468.45,17542.8,308526598.0,26813.95
43,02-SEP-2022,17598.4,17643.85,17476.45,17539.45,256268616.0,19548.88
44,05-SEP-2022,17546.45,17683.15,17540.35,17665.8,230309013.0,17011.26
45,06-SEP-2022,17695.7,17764.65,17587.65,17655.6,251204527.0,17521.09
46,07-SEP-2022,17519.4,17650.75,17484.3,17624.4,354137885.0,25419.5
47,08-SEP-2022,17748.15,17807.65,17691.95,17798.75,279845682.0,19925.25
48,09-SEP-2022,17923.35,17925.95,17786.0,17833.35,270299618.0,20564.06
49,12-SEP-2022,17890.85,17980.55,17889.15,17936.35,228242025.0,17648.17
50,13-SEP-2022,18044.45,18088.3,18015.45,18070.05,259922741.0,21039.08
51,14-SEP-2022,17771.15,18091.55,17771.15,18003.75,365866933.0,26611.96
52,15-SEP-2022,18046.35,18096.15,17861.5,17877.4,289637528.0,22007.78
53,16-SEP-2022,17796.8,17820.05,17497.25,17530.85,468464263.0,36013.89
54,19-SEP-2022,17540.65,17667.2,17429.7,17622.25,258329581.0,19548.99
55,20-SEP-2022,17770.4,17919.3,17744.4,17816.25,263100874.0,20456.69
56,21-SEP-2022,17766.35,17838.7,17663.6,17718.35,245532498.0,19816.78
57,22-SEP-2022,17609.65,17722.75,17532.45,17629.8,284094023.0,21303.96
58,23-SEP-2022,17593.85,17642.15,17291.65,17327.35,390754862.0,23750.53
59,26-SEP-2022,17156.3,17196.4,16978.3,17016.3,492002942.0,27533.01
60,27-SEP-2022,17110.9,17176.45,16942.35,17007.4,359895458.0,22712.8
61,28-SEP-2022,16870.55,17037.6,16820.4,16858.6,323922457.0,21400.93
62,29-SEP-2022,16993.6,17026.05,16788.6,16818.1,340034380.0,24758.63
63,30-SEP-2022,16798.05,17187.1,16747.7,17094.35,380204763.0,26205.63
64,03-OCT-2022,17102.1,17114.65,16855.55,16887.35,285850587.0,21860.54
65,04-OCT-2022,17147.45,17287.3,17117.3,17274.3,231601639.0,18480.43
66,06-OCT-2022,17379.25,17428.8,17315.65,17331.8,268239320.0,20404.46
67,07-OCT-2022,17287.2,17337.35,17216.95,17314.65,216273136.0,17043.26
68,10-OCT-2022,17094.35,17280.15,17064.7,17241.0,234005512.0,16220.67
69,11-OCT-2022,17256.05,17261.8,16950.3,16983.55,282617982.0,22178.37
70,12-OCT-2022,17025.55,17142.35,16960.05,17123.6,256037322.0,18098.41
71,13-OCT-2022,17087.35,17112.35,16956.95,17014.35,266438674.0,18189.64
72,14-OCT-2022,17322.3,17348.55,17169.75,17185.7,226997138.0,17813.47
73,17-OCT-2022,17144.8,17328.55,17098.55,17311.8,212223419.0,16887.83
74,18-OCT-2022,17438.75,17527.8,17434.05,17486.95,239493630.0,18224.95
75,19-OCT-2022,17568.15,17607.6,17472.85,17512.25,210480869.0,17200.79
76,20-OCT-2022,17423.1,17584.15,17421.0,17563.95,249604832.0,18345.6
77,21-OCT-2022,17622.85,17670.15,17520.75,17576.3,277702680.0,23547.38
78,24-OCT-2022,17736.35,17777.55,17707.4,17730.75,45029477.0,3772.49
79,25-OCT-2022,17808.3,17811.5,17637.0,17656.35,251358203.0,20338.32
80,27-OCT-2022,17771.4,17783.9,17654.5,17736.95,324649088.0,24166.3
81,28-OCT-2022,17756.4,17838.9,17723.7,17786.8,250030113.0,19099.59
82,31-OCT-2022,17910.2,18022.8,17899.9,18012.2,227174539.0,19846.47
83,01-NOV-2022,18130.7,18175.8,18060.15,18145.4,349924808.0,26796.59
84,02-NOV-2022,18177.9,18178.75,18048.65,18082.85,270878019.0,20072.62
85,03-NOV-2022,17968.35,18106.3,17959.2,18052.7,212968291.0,16037.78
86,04-NOV-2022,18053.4,18135.1,18017.15,18117.15,267941526.0,21062.54
87,07-NOV-2022,18211.75,18255.5,18064.75,18202.8,314758398.0,25124.84
88,09-NOV-2022,18288.25,18296.4,18117.5,18157.0,307155149.0,23344.58
89,10-NOV-2022,18044.35,18103.1,17969.4,18028.2,256451785.0,19848.06
90,11-NOV-2022,18272.35,18362.3,18259.35,18349.7,378469072.0,30732.11
91,14-NOV-2022,18376.4,18399.45,18311.4,18329.15,301401961.0,21697.66
92,15-NOV-2022,18362.75,18427.95,18282.0,18403.4,250926391.0,17836.19
93,16-NOV-2022,18398.25,18442.15,18344.15,18409.65,219268992.0,19732.87
94,17-NOV-2022,18358.7,18417.6,18312.95,18343.9,200512910.0,16410.36
95,18-NOV-2022,18382.95,18394.6,18209.8,18307.65,198794846.0,16553.69
96,21-NOV-2022,18246.4,18262.3,18133.35,18159.95,213794598.0,15037.5
97,22-NOV-2022,18179.15,18261.85,18137.7,18244.2,177681099.0,14750.98
98,23-NOV-2022,18325.2,18325.4,18246.0,18267.25,178791087.0,15674.45
99,24-NOV-2022,18326.1,18529.7,18294.25,18484.1,204044559.0,18218.35
100,25-NOV-2022,18528.45,18534.9,18445.1,18512.75,205876043.0,17112.8
101,28-NOV-2022,18430.55,18614.25,18365.6,18562.75,206468884.0,19006.92
102,29-NOV-2022,18552.45,18678.1,18552.15,18618.05,195255179.0,16568.17
103,30-NOV-2022,18625.7,18816.05,18616.55,18758.35,345636288.0,32757.21
104,01-DEC-2022,18871.95,18887.6,18778.2,18812.5,324955829.0,22216.65
105,02-DEC-2022,18752.4,18781.95,18639.2,18696.1,254401004.0,20233.76
106,05-DEC-2022,18719.55,18728.6,18591.35,18701.05,288393766.0,19471.83
107,06-DEC-2022,18600.65,18654.9,18577.9,18642.75,217777090.0,17772.27
108,07-DEC-2022,18638.85,18668.3,18528.4,18560.5,200501720.0,17496.8
109,08-DEC-2022,18570.85,18625.0,18536.95,18609.35,202811256.0,19277.65
110,09-DEC-2022,18662.4,18664.7,18410.1,18496.6,215839572.0,20317.78
111,12-DEC-2022,18402.15,18521.55,18345.7,18497.15,193883468.0,16688.2
112,13-DEC-2022,18524.4,18617.25,18490.2,18608.0,187585567.0,16536.17
113,14-DEC-2022,18671.25,18696.1,18632.9,18660.3,208030337.0,16626.0
114,15-DEC-2022,18614.4,18652.9,18387.7,18414.9,183127544.0,15618.55
115,16-DEC-2022,18319.1,18440.95,18255.15,18269.0,277650193.0,23292.95
116,19-DEC-2022,18288.1,18431.65,18244.55,18420.45,154847475.0,14455.23
117,20-DEC-2022,18340.3,18404.9,18202.65,18385.3,169041783.0,15038.56
118,21-DEC-2022,18435.15,18473.35,18162.75,18199.1,187594274.0,17223.44
119,22-DEC-2022,18288.8,18318.75,18068.6,18127.35,195699650.0,16725.23
120,23-DEC-2022,17977.65,18050.45,17779.5,17806.8,221454773.0,18486.94
121,26-DEC-2022,17830.4,18084.1,17774.25,18014.6,176652342.0,13708.21
122,27-DEC-2022,18089.8,18149.25,17967.45,18132.3,214257094.0,13000.64
123,28-DEC-2022,18084.75,18173.1,18068.35,18122.5,193873167.0,13997.59
124,29-DEC-2022,18045.7,18229.7,17992.8,18191.0,281052828.0,18466.05
125,30-DEC-2022,18259.1,18265.25,18080.3,18105.3,192005563.0,14475.22
126,02-JAN-2023,18131.7,18215.15,18086.5,18197.45,256073979.0,11793.06
127,03-JAN-2023,18163.2,18251.95,18149.8,18232.55,208699772.0,13680.91
128,04-JAN-2023,18230.65,18243.0,18020.6,18042.95,235162202.0,16687.71
129,05-JAN-2023,18101.95,18120.3,17892.6,17992.15,269949738.0,22108.53
130,06-JAN-2023,18008.05,18047.4,17795.55,17859.45,238220578.0,17495.25
131,09-JAN-2023,17952.55,18141.4,17936.15,18101.2,257237669.0,19916.16
132,10-JAN-2023,18121.3,18127.6,17856.0,17914.15,283277918.0,20570.3
133,11-JAN-2023,17924.25,17976.35,17824.35,17895.7,259853294.0,20204.33
134,12-JAN-2023,17920.85,17945.8,17761.65,17858.2,227769060.0,19762.43
135,13-JAN-2023,17867.5,17999.35,17774.25,17956.6,256700729.0,21341.7
136,16-JAN-2023,18033.15,18049.65,17853.65,17894.85,206195816.0,16728.37
137,17-JAN-2023,17922.8,18072.05,17886.95,18053.3,219055125.0,17461.09
138,18-JAN-2023,18074.3,18183.75,18032.45,18165.35,255840928.0,20500.07
139,19-JAN-2023,18119.8,18155.2,18063.75,18107.85,237833991.0,18413.13
140,20-JAN-2023,18115.6,18145.45,18016.2,18027.65,237225269.0,19519.96
141,23-JAN-2023,18118.45,18162.6,18063.45,18118.55,202460434.0,17060.12
142,24-JAN-2023,18183.95,18201.25,18078.65,18118.3,216910302.0,19705.91
143,25-JAN-2023,18093.35,18100.6,17846.15,17891.95,257227052.0,20890.56
144,27-JAN-2023,17877.2,17884.75,17493.55,17604.35,476342611.0,40104.83
145,30-JAN-2023,17541.95,17709.15,17405.55,17648.95,432434028.0,38159.88
146,31-JAN-2023,17731.45,17735.7,17537.55,17662.15,398338541.0,35023.7
147,01-FEB-2023,17811.6,17972.2,17353.4,17616.3,512870802.0,38486.19
148,02-FEB-2023,17517.1,17653.9,17445.95,17610.4,490113567.0,37639.96
149,03-FEB-2023,17721.75,17870.3,17584.2,17854.05,424123037.0,34503.67
150,06-FEB-2023,17818.55,17823.7,17698.35,17764.6,282544790.0,21864.88
151,07-FEB-2023,17790.1,17811.15,17652.55,17721.5,354395693.0,23611.08
152,08-FEB-2023,17750.3,17898.7,17744.15,17871.7,290994265.0,23733.4
153,09-FEB-2023,17885.5,17916.9,17779.8,17893.45,260854055.0,21529.97
154,10-FEB-2023,17847.55,17876.95,17801.0,17856.5,231991834.0,17063.99
155,13-FEB-2023,17859.1,17880.7,17719.75,17770.9,231276483.0,17406.31
156,14-FEB-2023,17840.35,17954.55,17800.05,17929.85,244512944.0,20579.8
157,15-FEB-2023,17896.6,18034.1,17853.8,18015.85,229273800.0,21457.34
158,16-FEB-2023,18094.75,18134.75,18000.65,18035.85,230246175.0,18891.55
159,17-FEB-2023,17974.85,18034.25,17884.6,17944.2,208053929.0,16998.33
160,20-FEB-2023,17965.55,18004.35,17818.4,17844.6,174563233.0,14729.07
161,21-FEB-2023,17905.8,17924.9,17800.3,17826.7,198248205.0,15593.09
162,22-FEB-2023,17755.35,17772.5,17529.45,17554.3,204021979.0,17162.09
163,23-FEB-2023,17574.65,17620.05,17455.4,17511.25,240807918.0,19313.68
164,24-FEB-2023,17591.35,17599.75,17421.8,17465.8,209406363.0,16100.18
165,27-FEB-2023,17428.6,17451.6,17299.0,17392.7,246448847.0,16638.41
166,28-FEB-2023,17383.25,17440.45,17255.2,17303.95,420881259.0,32959.77
167,01-MAR-2023,17360.1,17467.75,17345.25,17450.9,272881409.0,19784.53
168,02-MAR-2023,17421.5,17445.8,17306.0,17321.9,310669094.0,22068.68
169,03-MAR-2023,17451.25,17644.75,17427.7,17594.35,356169518.0,24143.96
170,06-MAR-2023,17680.35,17799.95,17671.95,17711.45,362801096.0,26959.41
171,08-MAR-2023,17665.75,17766.5,17602.25,17754.4,267041402.0,23155.56
172,09-MAR-2023,17772.05,17772.35,17573.6,17589.6,262352056.0,21964.17
173,10-MAR-2023,17443.8,17451.5,17324.35,17412.9,235927570.0,19794.73
174,13-MAR-2023,17421.9,17529.9,17113.45,17154.3,254914657.0,22860.67
175,14-MAR-2023,17160.55,17224.65,16987.1,17043.3,290604200.0,26057.6
176,15-MAR-2023,17166.45,17211.35,16938.9,16972.15,248188970.0,22659.09
177,16-MAR-2023,16994.65,17062.45,16850.15,16985.6,349820607.0,24198.71
178,17-MAR-2023,17111.8,17145.8,16958.15,17100.05,408121255.0,30478.42
179,20-MAR-2023,17066.6,17066.6,16828.35,16988.4,241777405.0,21454.09
180,21-MAR-2023,17060.4,17127.7,17016.0,17107.5,246737873.0,22039.11
181,22-MAR-2023,17177.45,17207.25,17107.85,17151.9,185700457.0,15712.0
182,23-MAR-2023,17097.4,17205.4,17045.3,17076.9,219171517.0,19676.97
183,24-MAR-2023,17076.2,17109.45,16917.35,16945.05,228038299.0,19019.88
184,27-MAR-2023,16984.3,17091.0,16918.55,16985.7,218418670.0,18466.56
185,28-MAR-2023,17031.75,17061.75,16913.75,16951.7,238840919.0,20942.5
186,29-MAR-2023,16977.3,17126.15,16940.6,17080.7,345911087.0,27261.74
187,31-MAR-2023,17210.35,17381.6,17204.65,17359.75,263889033.0,24970.98
188,03-APR-2023,17427.95,17428.05,17312.75,17398.05,230170687.0,20359.58
189,05-APR-2023,17422.3,17570.55,17402.7,17557.05,248345193.0,23911.75
190,06-APR-2023,17533.85,17638.7,17502.85,17599.15,242708337.0,23543.21
191,10-APR-2023,17634.9,17694.1,17597.95,17624.05,254819382.0,21092.06
192,11-APR-2023,17704.8,17748.75,17655.15,17722.3,304263454.0,25841.64
193,12-APR-2023,17759.55,17825.75,17717.25,17812.4,232816318.0,22851.93
194,13-APR-2023,17807.3,17842.15,17729.65,17828.0,285764798.0,26460.2
195,17-APR-2023,17863.0,17863.0,17574.05,17706.85,357401212.0,35118.57
196,18-APR-2023,17766.6,17766.6,17610.2,17660.15,258856690.0,23032.99
197,19-APR-2023,17653.35,17666.15,17579.85,17618.75,281463379.0,21562.08
198,20-APR-2023,17638.6,17684.45,17584.35,17624.45,215103396.0,19457.45
199,21-APR-2023,17639.75,17663.2,17553.95,17624.05,230156645.0,19091.44
200,24-APR-2023,17707.55,17754.5,17612.5,17743.4,255740393.0,23142.94
201,25-APR-2023,17761.55,17807.45,17716.85,17769.25,297445999.0,28819.53
202,26-APR-2023,17767.3,17827.75,17711.2,17813.6,233008677.0,21295.14
203,27-APR-2023,17813.1,17931.6,17797.9,17915.05,241434660.0,24454.15
204,28-APR-2023,17950.4,18089.15,17885.3,18065.0,290263674.0,27026.12
205,02-MAY-2023,18124.8,18180.25,18101.75,18147.65,265216308.0,23615.47
206,03-MAY-2023,18113.8,18116.35,18042.4,18089.85,226171254.0,19079.79
207,04-MAY-2023,18081.0,18267.45,18066.7,18255.8,226643581.0,21889.48
208,05-MAY-2023,18117.3,18216.95,18055.45,18069.0,239702311.0,26152.88
209,08-MAY-2023,18120.6,18286.95,18100.3,18264.4,228399379.0,22687.94
210,09-MAY-2023,18303.4,18344.2,18229.65,18265.95,245368649.0,23478.06
211,10-MAY-2023,18313.6,18326.75,18211.95,18315.1,220450874.0,21416.41
212,11-MAY-2023,18357.8,18389.7,18270.4,18297.0,248932544.0,26440.1
213,12-MAY-2023,18273.75,18342.75,18194.55,18314.8,241702589.0,22046.04
214,15-MAY-2023,18339.3,18458.9,18287.9,18398.85,216088535.0,19329.75
215,16-MAY-2023,18432.35,18432.35,18264.35,18286.5,219490491.0,21063.78
216,17-MAY-2023,18300.45,18309.0,18115.35,18181.75,229898510.0,20903.12
217,18-MAY-2023,18287.5,18297.2,18104.85,18129.95,272103515.0,24172.44
218,19-MAY-2023,18186.15,18218.1,18060.4,18203.4,260898407.0,22105.67
219,22-MAY-2023,18201.1,18335.25,18178.85,18314.4,262560942.0,25147.58
220,23-MAY-2023,18362.9,18419.75,18324.2,18348.0,270354216.0,28648.15
221,24-MAY-2023,18294.8,18392.6,18262.95,18285.4,232621507.0,24273.17
222,25-MAY-2023,18268.9,18338.1,18202.4,18321.15,235915651.0,22411.41
223,26-MAY-2023,18368.35,18508.55,18333.15,18499.35,198668359.0,19094.08
224,29-MAY-2023,18619.15,18641.2,18581.25,18598.65,265323978.0,19237.57
225,30-MAY-2023,18606.65,18662.45,18575.5,18633.85,234391323.0,21660.69
226,31-MAY-2023,18594.2,18603.9,18483.85,18534.4,696495765.0,70755.08
227,01-JUN-2023,18579.4,18580.3,18464.55,18487.75,265630759.0,24056.99
228,02-JUN-2023,18550.85,18573.7,18478.4,18534.1,270923679.0,23171.88
229,05-JUN-2023,18612.0,18640.15,18582.8,18593.85,256111496.0,20369.16
230,06-JUN-2023,18600.8,18622.75,18531.6,18599.0,220789926.0,21957.47
231,07-JUN-2023,18665.6,18738.95,18636.0,18726.4,260109671.0,21482.77
232,08-JUN-2023,18725.35,18777.9,18615.6,18634.55,286468927.0,22762.3
233,09-JUN-2023,18655.9,18676.65,18555.4,18563.4,221760885.0,20181.42
234,12-JUN-2023,18595.05,18633.6,18559.75,18601.5,179463966.0,15386.04
235,13-JUN-2023,18631.8,18728.9,18631.8,18716.15,233167883.0,22612.62
236,14-JUN-2023,18744.6,18769.7,18690.0,18755.9,261354575.0,19520.08
237,15-JUN-2023,18774.45,18794.1,18669.05,18688.1,263004991.0,24820.77
238,16-JUN-2023,18723.3,18864.7,18710.5,18826.0,272771256.0,28877.67
239,19-JUN-2023,18873.3,18881.45,18719.15,18755.45,219815214.0,22699.84
240,20-JUN-2023,18752.35,18839.7,18660.65,18816.7,211649257.0,19687.08
241,21-JUN-2023,18849.4,18875.9,18794.85,18856.85,217481345.0,19102.48
242,22-JUN-2023,18853.6,18886.6,18759.5,18771.25,252697871.0,24990.87
243,23-JUN-2023,18741.85,18756.4,18647.1,18665.5,210562119.0,20619.6
244,26-JUN-2023,18682.35,18722.05,18646.7,18691.2,171271325.0,17355.14
245,27-JUN-2023,18748.55,18829.25,18714.25,18817.4,222464605.0,21415.89
246,28-JUN-2023,18908.15,19011.25,18861.35,18972.1,398782019.0,37356.94
0,30-JUN-2023,19076.85,19201.7,19024.6,19189.05,247906587.0,26376.62
1,03-JUL-2023,19246.5,19345.1,19234.4,19322.55,226050219.0,22681.54
2,04-JUL-2023,19406.6,19434.15,19300.0,19389.0,226916635.0,26634.06
3,05-JUL-2023,19405.95,19421.6,19339.6,19398.5,224418797.0,24699.24
4,06-JUL-2023,19385.7,19512.2,19373.0,19497.3,268261285.0,28540.18
5,07-JUL-2023,19422.8,19523.6,19303.6,19331.8,237102566.0,23089.25
6,10-JUL-2023,19400.35,19435.85,19327.1,19355.9,268246132.0,25991.55
7,11-JUL-2023,19427.1,19515.1,19406.45,19439.4,251263638.0,26883.78
8,12-JUL-2023,19497.45,19507.7,19361.75,19384.3,327941559.0,40163.14
9,13-JUL-2023,19495.2,19567.0,19385.8,19413.75,310442517.0,27244.56
10,14-JUL-2023,19493.45,19595.35,19433.5,19564.5,291165841.0,25484.44
11,17-JUL-2023,19612.15,19731.85,19562.95,19711.45,268707894.0,25975.57
12,18-JUL-2023,19787.5,19819.45,19690.2,19749.25,286353897.0,33269.08
13,19-JUL-2023,19802.95,19851.7,19727.45,19833.15,259660464.0,26447.9
14,20-JUL-2023,19831.7,19991.85,19758.4,19979.15,274698867.0,30622.66
15,21-JUL-2023,19800.45,19887.4,19700.0,19745.0,312461795.0,33802.14
16,24-JUL-2023,19748.45,19782.75,19658.3,19672.35,265562151.0,24522.29
17,25-JUL-2023,19729.35,19729.35,19615.95,19680.6,369653496.0,29665.67
18,26-JUL-2023,19733.35,19825.6,19716.7,19778.3,244747425.0,23023.86
19,27-JUL-2023,19850.9,19867.55,19603.55,19659.9,334891351.0,35019.13
20,28-JUL-2023,19659.75,19695.9,19563.1,19646.05,258671382.0,22995.98
21,31-JUL-2023,19666.35,19772.75,19597.6,19753.8,295053318.0,23075.38
22,01-AUG-2023,19784.0,19795.6,19704.6,19733.55,298048161.0,24554.71
23,02-AUG-2023,19655.4,19678.25,19423.55,19526.55,290666798.0,23997.47
24,03-AUG-2023,19463.75,19537.65,19296.45,19381.65,315688612.0,29899.38
25,04-AUG-2023,19462.8,19538.85,19436.45,19517.0,280799561.0,28086.15
26,07-AUG-2023,19576.85,19620.45,19524.8,19597.3,216586074.0,21655.87
27,08-AUG-2023,19627.2,19634.4,19533.1,19570.85,260294052.0,25437.47
28,09-AUG-2023,19578.8,19645.5,19467.5,19632.55,266495074.0,23201.75
29,10-AUG-2023,19605.55,19623.6,19495.4,19543.1,312193785.0,29430.34
30,11-AUG-2023,19554.25,19557.75,19412.75,19428.3,235524048.0,24521.24
31,14-AUG-2023,19383.95,19465.85,19257.9,19434.55,243850815.0,22767.43
32,16-AUG-2023,19369.0,19482.75,19317.2,19465.0,226627230.0,21484.66
33,17-AUG-2023,19450.55,19461.55,19326.25,19365.25,268663456.0,26505.65
34,18-AUG-2023,19301.75,19373.8,19253.6,19310.15,256142364.0,25641.41
35,21-AUG-2023,19320.65,19425.95,19296.3,19393.6,262589133.0,20738.75
36,22-AUG-2023,19417.1,19443.5,19381.3,19396.45,208704354.0,20226.48
37,23-AUG-2023,19439.2,19472.05,19366.6,19444.0,225214991.0,20167.16
38,24-AUG-2023,19535.15,19584.45,19369.0,19386.7,268256859.0,24338.24
39,25-AUG-2023,19297.4,19339.55,19229.7,19265.8,466518217.0,24998.12
40,28-AUG-2023,19298.35,19366.85,19249.7,19306.05,248178769.0,18237.22
41,29-AUG-2023,19374.85,19377.9,19309.1,19342.65,307388116.0,22501.12
42,30-AUG-2023,19433.45,19452.8,19334.75,19347.45,233004568.0,19877.49
43,31-AUG-2023,19375.55,19388.2,19223.65,19253.8,562557215.0,45699.54
44,01-SEP-2023,19258.15,19458.55,19255.7,19435.3,372502191.0,25962.38
45,04-SEP-2023,19525.05,19545.15,19432.85,19528.8,396071122.0,24822.79
46,05-SEP-2023,19564.65,19587.05,19525.75,19574.9,303958622.0,24029.89
47,06-SEP-2023,19581.2,19636.45,19491.5,19611.05,512974083.0,32500.52
48,07-SEP-2023,19598.65,19737.0,19550.05,19727.05,304929822.0,23591.0
49,08-SEP-2023,19774.8,19867.15,19728.05,19819.95,288093693.0,23530.84
50,11-SEP-2023,19890.0,20008.15,19865.35,19996.35,248763130.0,21924.34
51,12-SEP-2023,20110.15,20110.35,19914.65,19993.2,328064239.0,30110.8
52,13-SEP-2023,19989.5,20096.9,19944.1,20070.0,251394599.0,24332.36
53,14-SEP-2023,20127.95,20167.65,20043.45,20103.1,275111881.0,21902.65
54,15-SEP-2023,20156.45,20222.45,20129.7,20192.35,438185104.0,42681.35
55,18-SEP-2023,20155.95,20195.35,20115.7,20133.3,264870758.0,21135.95
56,20-SEP-2023,19980.75,20050.65,19878.85,19901.4,378065882.0,37351.58
57,21-SEP-2023,19840.55,19848.75,19709.95,19742.35,275132260.0,26711.83
58,22-SEP-2023,19744.85,19798.65,19657.5,19674.25,246410075.0,24137.57
59,25-SEP-2023,19678.2,19734.15,19601.55,19674.55,188398392.0,20194.48
60,26-SEP-2023,19682.8,19699.35,19637.45,19664.7,204869058.0,18118.19
61,27-SEP-2023,19637.05,19730.7,19554.0,19716.45,203559874.0,19659.17
62,28-SEP-2023,19761.8,19766.65,19492.1,19523.55,352810261.0,30069.78
63,29-SEP-2023,19581.2,19726.25,19551.05,19638.3,243508919.0,20978.72
64,03-OCT-2023,19622.4,19623.2,19479.65,19528.75,221719625.0,21459.58
65,04-OCT-2023,19446.3,19457.8,19333.6,19436.1,277148310.0,26017.47
66,05-OCT-2023,19521.85,19576.95,19487.3,19545.75,234865323.0,22019.04
67,06-OCT-2023,19621.2,19675.75,19589.4,19653.5,159051277.0,16096.52
68,09-OCT-2023,19539.45,19588.95,19480.5,19512.35,165094800.0,15499.67
69,10-OCT-2023,19565.6,19717.8,19565.45,19689.85,216559447.0,18735.62
70,11-OCT-2023,19767.0,19839.2,19756.95,19811.35,213729730.0,19900.99
71,12-OCT-2023,19822.7,19843.3,19772.65,19794.0,217904144.0,20999.94
72,13-OCT-2023,19654.55,19805.4,19635.3,19751.05,254955979.0,24363.02
73,16-OCT-2023,19737.25,19781.3,19691.85,19731.75,180964341.0,14746.01
74,17-OCT-2023,19843.2,19849.75,19775.65,19811.5,185846716.0,16839.87
75,18-OCT-2023,19820.45,19840.95,19659.95,19671.1,198942937.0,18581.64
76,19-OCT-2023,19545.2,19681.8,19512.35,19624.7,230312163.0,23582.01
77,20-OCT-2023,19542.15,19593.8,19518.7,19542.65,198341255.0,17944.31
78,23-OCT-2023,19521.6,19556.85,19257.85,19281.75,176044288.0,16212.9
79,25-OCT-2023,19286.45,19347.3,19074.15,19122.15,225291741.0,19818.32
80,26-OCT-2023,19027.25,19041.7,18837.85,18857.25,300356469.0,28939.64
81,27-OCT-2023,18928.75,19076.15,18926.65,19047.25,205201044.0,19947.48
82,30-OCT-2023,19053.4,19158.5,18940.0,19140.9,180132492.0,17095.73
83,31-OCT-2023,19232.95,19233.7,19056.45,19079.6,206049341.0,19397.36
84,01-NOV-2023,19064.05,19096.05,18973.7,18989.15,194103279.0,18452.51
85,02-NOV-2023,19120.0,19175.25,19064.15,19133.25,245595109.0,19771.49
86,03-NOV-2023,19241.0,19276.25,19210.9,19230.6,189516123.0,17304.87
87,06-NOV-2023,19345.85,19423.0,19309.7,19411.75,180690631.0,16296.56
88,07-NOV-2023,19404.05,19423.5,19329.1,19406.7,198660124.0,18288.06
89,08-NOV-2023,19449.6,19464.4,19401.5,19443.5,194967997.0,17060.45
90,09-NOV-2023,19457.4,19463.9,19378.35,19395.3,208418472.0,19087.29
91,10-NOV-2023,19351.85,19451.3,19329.45,19425.35,152215785.0,12916.21
92,12-NOV-2023,19547.25,19547.25,19510.25,19525.55,37311902.0,2482.27
93,13-NOV-2023,19486.75,19494.4,19414.75,19443.55,189275733.0,13527.22
94,15-NOV-2023,19651.4,19693.2,19579.65,19675.45,291464988.0,24957.24
95,16-NOV-2023,19674.7,19875.25,19627.0,19765.2,282686669.0,26041.45
96,17-NOV-2023,19674.75,19806.0,19667.45,19731.8,236827462.0,21681.28
97,20-NOV-2023,19731.15,19756.45,19670.5,19694.0,173780543.0,16737.05
98,21-NOV-2023,19770.9,19829.1,19754.05,19783.4,194969012.0,17947.2
99,22-NOV-2023,19784.0,19825.55,19703.85,19811.85,184497984.0,17405.48
100,23-NOV-2023,19828.45,19875.15,19786.75,19802.0,170024085.0,15906.94
101,24-NOV-2023,19809.6,19832.85,19768.85,19794.7,145895044.0,14389.29
102,28-NOV-2023,19844.65,19916.85,19800.0,19889.7,229595031.0,23043.25
103,29-NOV-2023,19976.55,20104.65,19956.3,20096.6,236241768.0,22367.64
104,30-NOV-2023,20108.5,20158.7,20015.85,20133.15,486585349.0,48877.95
105,01-DEC-2023,20194.1,20291.55,20183.7,20267.9,265812566.0,22461.53
106,04-DEC-2023,20601.95,20702.65,20507.75,20686.8,381107418.0,33917.52
107,05-DEC-2023,20808.9,20864.05,20711.15,20855.1,421008350.0,41763.52
108,06-DEC-2023,20950.75,20961.95,20852.15,20937.7,359212958.0,35654.76
109,07-DEC-2023,20932.4,20941.25,20850.8,20901.15,274985308.0,24862.43
110,08-DEC-2023,20934.1,21006.1,20862.7,20969.4,292440768.0,27449.96
111,11-DEC-2023,20965.3,21026.1,20923.7,20997.1,212921451.0,21150.17
112,12-DEC-2023,21018.55,21037.9,20867.15,20906.4,244867128.0,25404.64
113,13-DEC-2023,20929.75,20950.0,20769.5,20926.35,260269318.0,25918.44
114,14-DEC-2023,21110.4,21210.9,21074.45,21182.7,334410589.0,32593.42
115,15-DEC-2023,21287.45,21492.3,21235.3,21456.65,508761756.0,50114.46
116,18-DEC-2023,21434.8,21482.8,21365.35,21418.65,249668965.0,23615.28
117,19-DEC-2023,21477.65,21505.05,21337.75,21453.1,249750062.0,23750.61
118,20-DEC-2023,21543.5,21593.0,21087.35,21150.15,363886229.0,30993.12
119,21-DEC-2023,21033.95,21288.35,20976.8,21255.05,277548079.0,26001.02
120,22-DEC-2023,21295.85,21390.5,21232.45,21349.4,284708918.0,27709.29
121,26-DEC-2023,21365.2,21477.15,21329.45,21441.35,219467748.0,20081.33
122,27-DEC-2023,21497.65,21675.75,21495.8,21654.75,256542963.0,23059.25
123,28-DEC-2023,21715.0,21801.45,21678.0,21778.7,393080755.0,35031.0
124,29-DEC-2023,21737.65,21770.3,21676.9,21731.4,270922276.0,23697.88
125,01-JAN-2024,21727.75,21834.35,21680.85,21741.9,153995217.0,14184.09
126,02-JAN-2024,21751.35,21755.6,21555.65,21665.8,263711568.0,25316.13
127,03-JAN-2024,21661.1,21677.0,21500.35,21517.35,311933117.0,32329.23
128,04-JAN-2024,21605.8,21685.65,21564.55,21658.6,339172697.0,30868.15
129,05-JAN-2024,21705.75,21749.6,21629.2,21710.8,309303266.0,26554.49
130,08-JAN-2024,21747.6,21763.95,21492.9,21513.0,231452935.0,21140.94
131,09-JAN-2024,21653.6,21724.45,21517.85,21544.85,228568589.0,24055.74
132,10-JAN-2024,21529.3,21641.85,21448.65,21618.7,216991926.0,20958.96
133,11-JAN-2024,21688.0,21726.5,21593.75,21647.2,212453866.0,23492.12
134,12-JAN-2024,21773.55,21928.25,21715.15,21894.55,294678459.0,30565.5
135,15-JAN-2024,22053.15,22115.55,21963.55,22097.45,345543523.0,29523.15
136,16-JAN-2024,22080.5,22124.15,21969.8,22032.3,292433764.0,24435.94
137,17-JAN-2024,21647.25,21851.5,21550.45,21571.95,455999867.0,47533.44
138,18-JAN-2024,21414.2,21539.4,21285.55,21462.25,387341268.0,39718.84
139,19-JAN-2024,21615.2,21670.6,21575.0,21622.4,343055124.0,34429.24
140,20-JAN-2024,21706.15,21720.3,21541.8,21571.8,162073740.0,13917.46
141,23-JAN-2024,21716.7,21750.25,21192.6,21238.8,449718534.0,48813.68
142,24-JAN-2024,21185.25,21482.35,21137.2,21453.95,407460664.0,41718.64
143,25-JAN-2024,21454.6,21459.0,21247.05,21352.6,418143077.0,40088.5
144,29-JAN-2024,21433.1,21763.25,21429.6,21737.6,376702289.0,34516.42
145,30-JAN-2024,21775.75,21813.05,21501.8,21522.1,375137333.0,32916.3
146,31-JAN-2024,21487.25,21741.35,21448.85,21725.7,410583065.0,41587.85
147,01-FEB-2024,21780.65,21832.95,21658.75,21697.45,332541208.0,34042.15
148,02-FEB-2024,21812.75,22126.8,21805.55,21853.8,442794738.0,38395.9
149,05-FEB-2024,21921.05,21964.3,21726.95,21771.7,440849699.0,33807.94
150,06-FEB-2024,21825.2,21951.4,21737.55,21929.4,370968111.0,32910.82
151,07-FEB-2024,22045.05,22053.3,21860.15,21930.5,346263704.0,30088.76
152,08-FEB-2024,22009.65,22011.05,21665.3,21717.95,491069786.0,41082.02
153,09-FEB-2024,21727.0,21804.45,21629.9,21782.5,349222850.0,31176.16
154,12-FEB-2024,21800.8,21831.7,21574.75,21616.05,287436165.0,23921.14
155,13-FEB-2024,21664.3,21766.8,21543.35,21743.25,365785766.0,29896.62
156,14-FEB-2024,21578.15,21870.85,21530.2,21840.05,359120861.0,32535.0
157,15-FEB-2024,21906.55,21953.85,21794.8,21910.75,345394395.0,29559.69
158,16-FEB-2024,22020.3,22068.65,21968.95,22040.7,,
159,19-FEB-2024,22103.45,22186.65,22021.05,22122.25,218252325.0,21375.71
160,20-FEB-2024,22099.2,22215.6,22045.85,22196.95,295705319.0,26872.32
161,21-FEB-2024,22248.85,22249.4,21997.95,22055.05,364545679.0,29741.39
162,22-FEB-2024,22081.55,22252.5,21875.25,22217.45,343495136.0,33985.94
163,23-FEB-2024,22290.0,22297.5,22186.1,22212.7,225983194.0,24617.01
164,26-FEB-2024,22169.2,22202.15,22075.15,22122.05,207775504.0,20850.26
165,27-FEB-2024,22090.2,22218.25,22085.65,22198.35,252199186.0,24620.71
166,28-FEB-2024,22214.1,22229.15,21915.85,21951.15,202952371.0,20579.8
167,29-FEB-2024,21935.2,22060.55,21860.65,21982.8,360165824.0,40196.12
168,01-MAR-2024,22048.3,22353.3,22047.75,22338.75,351503075.0,29646.47
169,02-MAR-2024,22406.95,22419.55,22367.05,22378.4,35763814.0,1918.77
170,04-MAR-2024,22403.5,22440.9,22358.3,22405.6,298794435.0,23771.71
171,05-MAR-2024,22371.25,22416.9,22269.15,22356.3,296153036.0,29165.37
172,06-MAR-2024,22327.5,22497.2,22224.35,22474.05,312262560.0,31029.01
173,07-MAR-2024,22505.3,22525.65,22430.0,22493.55,379865142.0,33558.46
174,11-MAR-2024,22517.5,22526.6,22307.25,22332.65,277897373.0,27222.37
175,12-MAR-2024,22334.45,22452.55,22256.0,22335.7,299201167.0,29781.12
176,13-MAR-2024,22432.2,22446.75,21905.65,21997.7,493341697.0,40109.23
177,14-MAR-2024,21982.55,22204.6,21917.5,22146.65,426742460.0,37348.3
178,15-MAR-2024,22064.85,22120.9,21931.7,22023.35,661460455.0,60260.88
179,18-MAR-2024,21990.1,22123.7,21916.55,22055.7,356321519.0,23015.51
180,19-MAR-2024,21946.45,21978.3,21793.1,21817.45,344157465.0,30291.6
181,20-MAR-2024,21843.9,21930.9,21710.2,21839.1,312414696.0,28939.85
182,21-MAR-2024,21989.9,22080.95,21941.3,22011.95,353172434.0,31258.4
183,22-MAR-2024,21932.2,22180.7,21883.3,22096.75,388656439.0,39023.19
184,26-MAR-2024,21947.9,22073.2,21947.55,22004.7,328403719.0,33382.08
185,27-MAR-2024,22053.95,22193.6,22052.85,22123.65,409136866.0,38830.73
186,28-MAR-2024,22163.6,22516.0,22163.6,22326.9,407422815.0,45656.57
187,01-APR-2024,22455.0,22529.95,22427.75,22462.0,243637071.0,21420.69
188,02-APR-2024,22458.8,22497.6,22388.15,22453.3,289524237.0,27940.93
189,03-APR-2024,22385.7,22521.1,22346.5,22434.65,309647491.0,30793.28
190,04-APR-2024,22592.1,22619.0,22303.8,22514.65,400986156.0,40705.56
191,05-APR-2024,22486.4,22537.6,22427.6,22513.7,242244731.0,24797.82
192,08-APR-2024,22578.35,22697.3,22550.35,22666.3,227633561.0,22480.2
193,09-APR-2024,22765.1,22768.4,22612.25,22642.75,232356772.0,21651.69
194,10-APR-2024,22720.25,22775.7,22673.7,22753.8,276847931.0,25355.05
195,12-APR-2024,22677.4,22726.45,22503.75,22519.4,357187778.0,36456.91
196,15-APR-2024,22339.05,22427.45,22259.55,22272.5,355465814.0,29474.59
197,16-APR-2024,22125.3,22213.75,22079.45,22147.9,317267066.0,28661.04
198,18-APR-2024,22212.35,22326.5,21961.7,21995.85,456906707.0,43314.67
199,19-APR-2024,21861.5,22179.55,21777.65,22147.0,362530569.0,36073.63
200,22-APR-2024,22336.9,22375.65,22198.15,22336.4,279259571.0,26841.2
201,23-APR-2024,22447.05,22447.55,22349.45,22368.0,231520813.0,25651.64
202,24-APR-2024,22421.55,22476.45,22384.0,22402.4,235898642.0,21925.6
203,25-APR-2024,22316.9,22625.95,22305.25,22570.35,475044740.0,53803.8
204,26-APR-2024,22620.4,22620.4,22385.55,22419.95,329887340.0,36984.89
205,29-APR-2024,22475.55,22655.8,22441.9,22643.4,291957361.0,32431.45
206,30-APR-2024,22679.65,22783.35,22568.4,22604.85,361859375.0,38741.7
207,02-MAY-2024,22567.85,22710.5,22567.85,22648.2,445909456.0,43133.31
208,03-MAY-2024,22766.35,22794.7,22348.05,22475.85,438060727.0,44432.55
209,06-MAY-2024,22561.6,22588.8,22409.45,22442.7,320255789.0,33417.53
210,07-MAY-2024,22489.75,22499.05,22232.05,22302.5,297815469.0,31512.26
211,08-MAY-2024,22231.2,22368.65,22185.2,22302.5,277438692.0,29717.33
212,09-MAY-2024,22224.8,22307.75,21932.4,21957.5,331327454.0,37870.88
213,10-MAY-2024,21990.95,22131.3,21950.3,22055.2,265804411.0,28717.71
214,13-MAY-2024,22027.95,22131.65,21821.05,22104.05,278186886.0,29036.08
215,14-MAY-2024,22112.9,22270.05,22081.25,22217.85,230238941.0,23741.66
216,15-MAY-2024,22255.6,22297.55,22151.75,22200.55,231935478.0,23815.79
217,16-MAY-2024,22319.2,22432.25,22054.55,22403.85,368945092.0,38836.11
218,17-MAY-2024,22415.25,22502.15,22345.65,22466.1,242654570.0,27388.67
219,18-MAY-2024,22512.85,22520.25,22470.05,22502.0,19064566.0,1572.77
220,21-MAY-2024,22404.55,22591.1,22404.55,22529.05,347591587.0,30782.35
221,22-MAY-2024,22576.6,22629.5,22483.15,22597.8,290345590.0,28556.14
222,23-MAY-2024,22614.1,22993.6,22577.45,22967.65,369767547.0,39157.65
223,24-MAY-2024,22930.75,23026.4,22908.0,22957.1,261927120.0,27966.99
224,27-MAY-2024,23038.95,23110.8,22871.2,22932.45,260006078.0,27204.54
225,28-MAY-2024,22977.15,22998.55,22858.5,22888.15,217890750.0,23054.65
226,29-MAY-2024,22762.75,22825.5,22685.45,22704.7,269932784.0,27549.09
227,30-MAY-2024,22617.45,22705.75,22417.0,22488.65,373374457.0,32991.46
228,31-MAY-2024,22568.1,22653.75,22465.1,22530.7,572122639.0,67040.32
229,03-JUN-2024,23337.9,23338.7,23062.3,23263.9,569425569.0,56418.25
230,04-JUN-2024,23179.5,23179.5,21281.45,21884.5,1006105058.0,93786.44
231,05-JUN-2024,22128.35,22670.4,21791.95,22620.35,638487077.0,64326.85
232,06-JUN-2024,22798.6,22910.15,22642.6,22821.4,480413289.0,49047.39
233,07-JUN-2024,22821.85,23320.2,22789.05,23290.15,473554898.0,47621.54
234,10-JUN-2024,23319.15,23411.9,23227.15,23259.2,304392368.0,29060.4
235,11-JUN-2024,23283.75,23389.45,23206.65,23264.85,305185666.0,29190.91
236,12-JUN-2024,23344.45,23441.95,23295.95,23322.95,295630910.0,31795.48
237,13-JUN-2024,23480.95,23481.05,23353.9,23398.9,268279841.0,30151.67
238,14-JUN-2024,23464.95,23490.4,23334.25,23465.6,223086741.0,25746.34
239,18-JUN-2024,23570.8,23579.05,23499.7,23557.9,272207297.0,29389.75
240,19-JUN-2024,23629.85,23664.0,23412.9,23516.0,328811255.0,39430.39
241,20-JUN-2024,23586.15,23624.0,23442.6,23567.0,280336970.0,33390.07
242,21-JUN-2024,23661.15,23667.1,23398.2,23501.1,609877803.0,70062.97
243,24-JUN-2024,23382.3,23558.1,23350.0,23537.85,239358460.0,24862.37
244,25-JUN-2024,23577.1,23754.15,23562.05,23721.3,298111025.0,34263.36
245,26-JUN-2024,23723.1,23889.9,23670.45,23868.8,287824687.0,33979.62
246,27-JUN-2024,23881.55,24087.45,23805.4,24044.5,515227010.0,61216.71
247,28-JUN-2024,24085.9,24174.0,23985.8,24010.6,354779832.0,41242.87
