Date,KALYANKJIL,IPCALAB,JIOFIN,LATENTVIEW,REDINGTON,RBLBANK,MSUMI,POWERINDIA,Week Number,Column 1,Month Number,Column 2,Daily Return,Weekly Return,Monthly Return,Total Amount
30-Jun-2022,10000000,10000000,0,10000000,10000000,10000000,10000000,10000000,27,70000000,6,70000000,N/A,N/A,N/A,70000000
01-Jul-2022,9892650.702,10006689.71,0,9905086.757,9812426.729,9899169.632,10078740.16,10021940.98,27,70000000,7,69616704.67,-0.5475647596,N/A,-0.5475647596,69616704.67
04-Jul-2022,10140379.85,10178392.24,0,9921399.97,9929660.023,10225385.53,10028632.78,10016376.24,28,70440226.64,7,69616704.67,1.182937304,0.6288951965,-0.5475647596,70440226.64
05-Jul-2022,10107349.3,10240829.52,0,10056354.74,10019538.88,10385527.88,10608446.67,10045153.9,28,70440226.64,7,69616704.67,1.452258612,0.6288951965,-0.5475647596,71463200.9
06-Jul-2022,10107349.3,10347864.87,0,10086015.13,10136772.18,9667852.906,10823192.56,10270128.47,28,70440226.64,7,69616704.67,-0.0336193986,0.6288951965,-0.5475647596,71439175.4
07-Jul-2022,10107349.3,10525699.63,0,10136437.79,10093786.64,9893238.434,11138153.19,10505914.53,28,70440226.64,7,69616704.67,1.345765955,0.6288951965,-0.5475647596,72400579.5
08-Jul-2022,10511973.58,10662281.19,0,10464185.08,10093786.64,10142348.75,10715819.61,10615460.44,28,70440226.64,7,69616704.67,1.112250483,0.6288951965,-0.5475647596,73205855.29
11-Jul-2022,10396366.64,10892518.68,0,10840872.02,10336068.78,9928825.623,10551181.1,10412267.87,29,73358100.7,7,69616704.67,0.2079688969,4.142340541,-0.5475647596,73358100.7
12-Jul-2022,10528488.85,10991749.36,0,10619902.12,10406408.75,10302491.1,11138153.19,11034088.02,29,73358100.7,7,69616704.67,2.267207948,4.142340541,-0.5475647596,75021281.39
13-Jul-2022,10503715.94,10810569.74,0,10452320.93,10269636.58,9982206.406,11073729.42,10889563.72,29,73358100.7,7,69616704.67,-1.385658367,4.142340541,-0.5475647596,73981742.73
14-Jul-2022,10553261.77,10869104.69,0,10296603.89,10289175.46,9988137.604,11073729.42,11039016.79,29,73358100.7,7,69616704.67,0.1720517588,4.142340541,-0.5475647596,74109029.62
15-Jul-2022,10842279.11,11043594.6,0,9962924.514,9609222.352,9750889.68,11295633.5,11069543.37,29,73358100.7,7,69616704.67,-0.7218317258,4.142340541,-0.5475647596,73574087.13
18-Jul-2022,10941370.77,11033002.56,0,10416728.46,9554513.482,9715302.491,11438797.42,11224084.2,30,74323799.39,7,69616704.67,1.018989548,1.316417244,-0.5475647596,74323799.39
19-Jul-2022,10792733.28,11127773.44,0,10958030.55,9531066.823,10189798.34,11403006.44,11417260.24,30,74323799.39,7,69616704.67,1.474453315,1.316417244,-0.5475647596,75419669.11
20-Jul-2022,10825763.83,11271044.71,0,10797864.45,9718640.094,10842230.13,10952040.09,11267012.21,30,74323799.39,7,69616704.67,0.3380104989,1.316417244,-0.5475647596,75674595.51
21-Jul-2022,10800990.92,11314527.82,0,10944683.38,9574052.364,10848161.33,11138153.19,10873028.49,30,74323799.39,7,69616704.67,-0.2391793878,1.316417244,-0.5475647596,75493597.48
22-Jul-2022,10718414.53,11221429.37,0,10949132.43,9468542.399,11263345.2,11675017.9,10740587.64,30,74323799.39,7,69616704.67,0.7190967191,1.316417244,-0.5475647596,76036469.46
25-Jul-2022,10710156.9,11007358.68,0,11035147.56,9417741.305,10937129.3,11539012.17,10080768.25,31,74727314.16,7,69616704.67,-1.721746564,0.5429146188,-0.5475647596,74727314.16
26-Jul-2022,10743187.45,10772103.91,0,10913539.97,9464634.623,11233689.21,11488904.8,9819543.373,31,74727314.16,7,69616704.67,-0.3903670817,0.5429146188,-0.5475647596,74435603.33
27-Jul-2022,10635838.15,10975582.56,0,10520539.82,9593591.247,10931198.1,11438797.42,10046266.85,31,74727314.16,7,69616704.67,-0.3946890427,0.5429146188,-0.5475647596,74141814.16
28-Jul-2022,10850536.75,10992306.83,0,11278362.75,9609222.352,10871886.12,11438797.42,10313215.47,31,74727314.16,7,69616704.67,1.635397715,0.5429146188,-0.5475647596,75354327.69
29-Jul-2022,10809248.55,11097112.28,0,11026249.44,9679562.329,10943060.5,11438797.42,10261224.88,31,74727314.16,7,69616704.67,-0.1314752453,0.5429146188,-0.5475647596,75255255.4
01-Aug-2022,10743187.45,11152302.37,0,11033664.54,9742086.753,10943060.5,11066571.22,10255819.13,32,74936691.97,8,74936691.97,-0.4233105489,0.2801891242,7.641825803,74936691.97
02-Aug-2022,10834021.47,11123871.11,0,11002521.13,10082063.31,11405693.95,11045096.64,10526742.56,32,74936691.97,8,74936691.97,1.445644541,0.2801891242,7.641825803,76020010.17
03-Aug-2022,10891824.94,11038577.32,0,11070740.03,10136772.18,11725978.65,11095204.01,10946960.06,32,74936691.97,8,74936691.97,1.165544458,0.2801891242,7.641825803,76906057.18
04-Aug-2022,10982658.96,10903668.19,0,10940234.32,9996092.224,11441281.14,11095204.01,10566808.7,32,74936691.97,8,74936691.97,-1.27442451,0.2801891242,7.641825803,75925947.54
05-Aug-2022,11610239.47,11427695.4,0,10949132.43,10906604.14,11411625.15,11374373.66,10952683.8,32,74936691.97,8,74936691.97,3.564534384,0.2801891242,7.641825803,78632354.04
08-Aug-2022,11758876.96,11288326.46,0,10978792.82,11316920.67,11435349.94,11374373.66,11211841.77,33,79364482.28,8,74936691.97,0.9310776042,5.908708,7.641825803,79364482.28
10-Aug-2022,11791907.51,11291671.31,0,10895743.73,11320828.45,11654804.27,11302791.7,10896241.41,33,79364482.28,8,74936691.97,-0.2652242985,5.908708,7.641825803,79153988.39
11-Aug-2022,11436829.07,11054744.12,0,10786000.3,11074638.53,11500593.12,11431639.23,10826443.65,33,79364482.28,8,74936691.97,-1.317811521,5.908708,7.641825803,78110888.01
12-Aug-2022,11568951.28,11331252.09,0,10753373.87,11324736.23,11583629.89,11295633.5,10499395.83,33,79364482.28,8,74936691.97,0.3150452902,5.908708,7.641825803,78356972.69
16-Aug-2022,11552436,10347307.39,0,10630283.26,11516217.27,11637010.68,11209735.15,10283483.85,34,77176473.59,8,74936691.97,-1.506565468,-2.756911689,7.641825803,77176473.59
17-Aug-2022,11601981.83,10323893.41,0,10688121.01,11316920.67,11613285.88,11488904.8,10593201.48,34,77176473.59,8,74936691.97,0.5828660871,-2.756911689,7.641825803,77626309.09
18-Aug-2022,11643270.02,10255881.37,0,11184932.52,11438061.74,11969157.77,11438797.42,10800686.85,34,77176473.59,8,74936691.97,1.422814801,-2.756911689,7.641825803,78730787.7
19-Aug-2022,11692815.85,10312743.9,0,11530476.05,11500586.17,12230130.49,11395848.25,10777950.9,34,77176473.59,8,74936691.97,0.9015074305,-2.756911689,7.641825803,79440551.6
22-Aug-2022,11560693.64,10255881.37,0,11552721.34,11520125.05,11856465.01,11166785.97,10925814.04,35,78838486.42,8,74936691.97,-0.7578814235,2.153522631,7.641825803,78838486.42
23-Aug-2022,11601981.83,10069126.99,0,11109298.53,11422430.64,11654804.27,11188260.56,11246661.15,35,78838486.42,8,74936691.97,-0.692456774,2.153522631,7.641825803,78292563.98
24-Aug-2022,12774566.47,10287100.01,0,11121162.69,11887456.04,12348754.45,11488904.8,11252384.89,35,78838486.42,8,74936691.97,3.662883445,2.153522631,7.641825803,81160329.34
25-Aug-2022,13220478.94,10280967.78,0,11155272.13,11645173.9,14442467.38,11367215.46,11184972.02,35,78838486.42,8,74936691.97,2.632096595,2.153522631,7.641825803,83296547.61
26-Aug-2022,13459950.45,10199576.32,0,11135992.88,11680343.88,15183867.14,11410164.64,11530462.99,35,78838486.42,8,74936691.97,1.565263788,2.153522631,7.641825803,84600358.3
29-Aug-2022,13129644.92,10144943.69,0,11088536.26,11879640.48,14762752.08,11445955.62,11713463.5,36,84164936.55,8,74936691.97,-0.5146807438,6.756154735,7.641825803,84164936.55
30-Aug-2022,12766308.84,10035678.45,0,10805279.55,11649081.67,14549228.94,11209735.15,11555901.81,36,84164936.55,8,74936691.97,-1.89357019,6.756154735,7.641825803,82571214.4
01-Sep-2022,13484723.37,10092540.97,0,10922438.08,11781946.07,14507710.56,11667859.7,11906639.53,36,84164936.55,9,84363858.29,2.171027639,6.756154735,12.58017411,84363858.29
02-Sep-2022,13839801.82,10030103.69,0,11591279.85,11649081.67,14489916.96,11388690.05,11971985.5,36,84164936.55,9,84363858.29,0.7076504818,6.756154735,12.58017411,84960859.54
05-Sep-2022,14004954.58,9921395.919,0,11524543.97,11524032.83,14460260.97,11710808.88,11990746.63,37,85136743.78,9,84363858.29,0.2070179605,1.154646182,12.58017411,85136743.78
06-Sep-2022,13641618.5,9882372.617,0,11334717.48,11723329.43,14715302.49,11925554.76,12112375.99,37,85136743.78,9,84363858.29,0.2331866068,1.154646182,12.58017411,85335271.26
07-Sep-2022,13377374.07,9843906.79,0,11216075.93,12024228.21,14549228.94,12075876.88,11787554.06,37,85136743.78,9,84363858.29,-0.5402530137,1.154646182,12.58017411,84874244.89
08-Sep-2022,13575557.39,9805440.963,0,11242770.28,11981242.67,14584816.13,12133142.45,11978822.18,37,85136743.78,9,84363858.29,0.5037419593,1.154646182,12.58017411,85301792.07
09-Sep-2022,13707679.6,9701750.474,0,11410351.48,11848378.27,14768683.27,12841803.87,11970395.57,37,85136743.78,9,84363858.29,1.110469599,1.154646182,12.58017411,86249042.54
12-Sep-2022,13616845.58,9724606.98,0,11962034.7,11840562.72,15255041.52,13042233.36,11789779.95,38,87231104.81,9,84363858.29,1.138635568,2.45999664,12.58017411,87231104.81
13-Sep-2022,13476465.73,9755825.621,0,12236393.3,11735052.75,15177935.94,12841803.87,11534437.8,38,87231104.81,9,84363858.29,-0.542455355,2.45999664,12.58017411,86757915.01
14-Sep-2022,13798513.63,10013379.42,0,12157793.27,11660805,15296559.91,13063707.95,11534278.81,38,87231104.81,9,84363858.29,0.8842109189,2.45999664,12.58017411,87525037.97
15-Sep-2022,15169281.59,9793733.972,0,11862672.4,11856193.83,15806642.94,12877594.85,11297856.78,38,87231104.81,9,84363858.29,1.301271506,2.45999664,12.58017411,88663976.35
16-Sep-2022,16085879.44,9758613,0,11705472.34,12286049.24,15498220.64,13035075.16,11153014.5,38,87231104.81,9,84363858.29,0.9680909918,2.45999664,12.58017411,89522324.32
19-Sep-2022,15573905.86,9600847.363,0,11466706.21,11977334.9,14750889.68,12426628.49,11029954.21,39,86826266.72,9,84363858.29,-3.01160367,-0.4640983271,12.58017411,86826266.72
20-Sep-2022,16135425.27,9571301.148,0,11491917.54,11906994.92,14768683.27,12591267,11023594.51,39,86826266.72,9,84363858.29,0.7634981556,-0.4640983271,12.58017411,87489183.66
21-Sep-2022,15986787.78,9716244.843,0,11542340.2,11918718.25,15142348.75,12569792.41,10999268.63,39,86826266.72,9,84363858.29,0.4415599733,-0.4640983271,12.58017411,87875500.88
22-Sep-2022,15466556.56,9662727.171,0,11291709.92,11594372.8,15106761.57,12426628.49,10859037.14,39,86826266.72,9,84363858.29,-1.670212069,-0.4640983271,12.58017411,86407793.66
23-Sep-2022,15483071.84,9792619.021,0,11619457.21,11348182.88,15136417.56,12720114.53,11494848.64,39,86826266.72,9,84363858.29,1.373623816,-0.4640983271,12.58017411,87594711.69
26-Sep-2022,15383980.18,9744118.631,0,11316921.25,11238765.14,14590747.33,12312097.35,11184018.06,40,85770647.95,9,84363858.29,-2.082390252,-1.215782741,12.58017411,85770647.95
27-Sep-2022,14739884.39,9943694.949,0,10710366.31,10832356.39,13351126.93,12111667.86,11155081.4,40,85770647.95,9,84363858.29,-3.411971102,-1.215782741,12.58017411,82844178.23
28-Sep-2022,15970272.5,10089753.6,0,10567996.44,11137162.95,13321470.94,12068718.68,11078446.96,40,85770647.95,9,84363858.29,1.677418829,-1.215782741,12.58017411,84233822.07
29-Sep-2022,15656482.25,9985505.63,0,10404864.3,10933958.58,13220640.57,12133142.45,11026138.39,40,85770647.95,9,84363858.29,-1.036507532,-1.215782741,12.58017411,83360732.16
30-Sep-2022,15672997.52,10139368.94,0,10567996.44,10781555.3,13030842.23,12405153.9,10869689.65,40,85770647.95,9,84363858.29,0.1282040217,-1.215782741,12.58017411,83467603.97
03-Oct-2022,15904211.4,10201806.22,0,10597656.83,10879249.71,13493475.68,12526843.24,11095936.15,41,84699179.22,10,84699179.22,1.475512878,-1.249225413,0.3974698848,84699179.22
04-Oct-2022,15565648.22,10201806.22,0,10443422.81,10879249.71,13493475.68,12526843.24,11095936.15,41,84699179.22,10,84699179.22,-0.581820504,-1.249225413,0.3974698848,84206382.03
06-Oct-2022,16548307.18,10419221.76,0,10639181.37,11027745.21,13173190.98,12534001.43,11049033.32,41,84699179.22,10,84699179.22,1.406424571,-1.249225413,0.3974698848,85390681.28
07-Oct-2022,16432700.25,10393020.4,0,10944683.38,11305197.34,13967971.53,12483894.06,11118036.12,41,84699179.22,10,84699179.22,1.469506728,-1.249225413,0.3974698848,86645503.08
10-Oct-2022,16804293.97,10254208.94,0,10956547.53,11367721.77,14371293,12569792.41,10987503.18,42,87311360.8,10,84699179.22,0.7684850328,3.084069538,0.3974698848,87311360.8
11-Oct-2022,16804293.97,10245846.81,0,10824558.8,11266119.58,14543297.75,12462419.47,10965562.2,42,87311360.8,10,84699179.22,-0.2282202806,3.084069538,0.3974698848,87112098.57
12-Oct-2022,16118909.99,10168915.15,0,10553166.25,11016021.88,14311981.02,12426628.49,10873823.45,42,87311360.8,10,84699179.22,-1.885676456,3.084069538,0.3974698848,85469446.24
13-Oct-2022,15912469.03,10007247.18,0,10578377.58,10691676.44,14246737.84,12269148.17,10830577.46,42,87311360.8,10,84699179.22,-1.091866826,3.084069538,0.3974698848,84536233.71
14-Oct-2022,16680429.4,9942579.998,0,10477532.26,10621336.46,14679715.3,12304939.16,10830736.45,42,87311360.8,10,84699179.22,1.184149411,3.084069538,0.3974698848,85537269.02
17-Oct-2022,17035507.84,9906901.55,0,10754856.89,10648690.89,14578884.93,12491052.25,10800527.86,43,86216422.22,10,84699179.22,0.7939851354,-1.254061981,0.3974698848,86216422.22
18-Oct-2022,17151114.78,9916936.113,0,10470117.16,10793278.62,14721233.69,12705798.14,10764913.51,43,86216422.22,10,84699179.22,0.3560456146,-1.254061981,0.3974698848,86523392.01
19-Oct-2022,17786952.93,9957074.367,0,10664392.7,10793278.62,14721233.69,12705798.14,10713240.91,43,86216422.22,10,84699179.22,0.946078659,-1.254061981,0.3974698848,87341971.36
20-Oct-2022,17398843.93,10010592.04,0,10527954.92,10726846.42,15071174.38,12691481.75,10614029.51,43,86216422.22,10,84699179.22,-0.3446778363,-1.254061981,0.3974698848,87040922.94
21-Oct-2022,17258464.08,9988850.485,0,10514607.74,10844079.72,15344009.49,12469577.67,10503370.64,43,86216422.22,10,84699179.22,-0.1355260435,-1.254061981,0.3974698848,86922959.82
24-Oct-2022,16523534.27,10116512.43,0,10541302.09,10805001.95,15272835.11,12763063.71,10296998.22,44,86319247.79,10,84699179.22,-0.6945369091,0.1192644742,0.3974698848,86319247.79
25-Oct-2022,17018992.57,10077489.13,0,10683671.96,10648690.89,15278766.31,12548317.82,10259475.96,44,86319247.79,10,84699179.22,0.2272457912,0.1192644742,0.3974698848,86515404.64
27-Oct-2022,16531791.91,10038465.83,0,11226457.07,10793278.62,15806642.94,12254831.78,10317826.25,44,86319247.79,10,84699179.22,0.5246346139,0.1192644742,0.3974698848,86969294.4
28-Oct-2022,16977704.38,10437060.99,0,11554204.36,10984759.67,15100830.37,12433786.69,10137210.63,44,86319247.79,10,84699179.22,0.7545912442,0.1192644742,0.3974698848,87625557.08
31-Oct-2022,17283236.99,10377411.08,0,11868604.48,10730754.2,14685646.5,12355046.53,10290161.54,45,87590861.32,10,84699179.22,-0.03959548162,1.473151781,0.3974698848,87590861.32
01-Nov-2022,16928158.55,10047942.91,0,11646151.56,10617428.68,16174377.22,12347888.33,10170599.08,45,87590861.32,11,87932546.35,0.3900920968,1.473151781,3.817471621,87932546.35
02-Nov-2022,16845582.16,10091426.02,0,11566068.52,10605705.35,16310794.78,12075876.88,10061689.14,45,87590861.32,11,87932546.35,-0.4269221262,1.473151781,3.817471621,87557142.85
03-Nov-2022,16812551.61,10309399.04,0,11745513.87,10683860.88,16032028.47,12526843.24,10168055.2,45,87590861.32,11,87932546.35,0.8235872391,1.473151781,3.817471621,88278252.31
04-Nov-2022,16746490.5,10337272.83,0,11577932.67,10734661.98,16002372.48,11832498.21,10132917.83,45,87590861.32,11,87932546.35,-1.035482445,1.473151781,3.817471621,87364146.5
07-Nov-2022,17250206.44,10337272.83,0,11609076.08,11559202.81,15871886.12,11796707.23,10074567.54,46,88498919.05,11,87932546.35,1.298899601,1.036703735,3.817471621,88498919.05
09-Nov-2022,17390586.29,10128219.42,0,11465223.19,12286049.24,16002372.48,11796707.23,9994753.243,46,88498919.05,11,87932546.35,0.63841689,1.036703735,3.817471621,89063911.1
10-Nov-2022,17720891.82,10089753.6,0,11299125.02,12360296.99,15990510.08,11632068.72,10128625.03,46,88498919.05,11,87932546.35,0.1766822972,1.036703735,3.817471621,89221271.26
11-Nov-2022,16977704.38,10090311.07,0,11115230.61,12450175.85,16162514.83,11596277.74,9974879.166,46,88498919.05,11,87932546.35,-0.9573699327,1.036703735,3.817471621,88367093.64
14-Nov-2022,17085053.67,9941465.046,0,11508230.76,12051582.65,16518386.71,11839656.41,9795217.502,47,88739592.75,11,87932546.35,0.4215359999,0.2719510029,3.817471621,88739592.75
15-Nov-2022,16977704.38,9904671.647,0,11533442.09,11735052.75,16370106.76,11882605.58,9801577.207,47,88739592.75,11,87932546.35,-0.6022478987,0.2719510029,3.817471621,88205160.42
16-Nov-2022,17068538.4,9672761.735,0,11724751.59,11742868.31,16909845.79,11825340.01,9674701.094,47,88739592.75,11,87932546.35,0.4689595393,0.2719510029,3.817471621,88618806.93
17-Nov-2022,16738232.87,9672761.735,0,11294675.96,12352481.44,17164887.31,11889763.78,9504261.002,47,88739592.75,11,87932546.35,-0.001966675611,0.2719510029,3.817471621,88617064.09
18-Nov-2022,16614368.29,9691158.435,0,11161204.21,12457991.4,17218268.09,11875447.39,9433986.263,47,88739592.75,11,87932546.35,-0.1857881537,0.2719510029,3.817471621,88452424.08
21-Nov-2022,16267547.48,9695618.241,0,11247219.34,12821414.62,16939501.78,11882605.58,9357351.819,48,88211258.86,11,87932546.35,-0.2726496482,-0.5953756121,3.817471621,88211258.86
22-Nov-2022,15854665.57,9740216.3,0,11076672.1,12844861.27,17224199.29,8682891.911,9157816.077,48,88211258.86,11,87932546.35,-4.115048785,-0.5953756121,3.817471621,84581322.52
23-Nov-2022,15061932.29,9675549.114,0,11288743.88,13262993.36,17087781.73,8661417.323,9175464.258,48,88211258.86,11,87932546.35,-0.4344228217,-0.5953756121,3.817471621,84213881.95
24-Nov-2022,16300578.03,9642658.044,0,11094468.34,13102774.52,16939501.78,8453829.635,9182777.919,48,88211258.86,11,87932546.35,0.5969399654,-0.5953756121,3.817471621,84716588.27
25-Nov-2022,16341866.23,9683353.774,0,11153789.11,13075420.09,16814946.62,8296349.32,9302181.379,48,88211258.86,11,87932546.35,-0.05746425031,-0.5953756121,3.817471621,84667906.52
28-Nov-2022,16540049.55,9640428.141,0,11183449.5,12938647.91,16720047.45,8303507.516,9307269.143,49,84633399.21,11,87932546.35,-0.04075606949,-4.056012459,3.817471621,84633399.21
29-Nov-2022,16490503.72,9561824.061,0,11186415.54,13771004.3,16838671.41,8246241.947,9234609.514,49,84633399.21,11,87932546.35,0.822218283,-4.056012459,3.817471621,85329270.49
30-Nov-2022,16341866.23,9512766.195,0,11098917.4,13935130.91,17799525.5,8303507.516,9272767.744,49,84633399.21,11,87932546.35,1.096002574,-4.056012459,3.817471621,86264481.49
01-Dec-2022,17489677.95,9689486.007,0,11091502.3,14357170.77,17852906.29,8167501.789,9410455.355,49,84633399.21,12,88058700.46,2.079904658,-4.056012459,0.1434669135,88058700.46
02-Dec-2022,17514450.87,9786486.788,0,11143407.98,13911684.25,18131672.6,8554044.381,9390899.262,49,84633399.21,12,88058700.46,0.4246549912,-4.056012459,0.1434669135,88432646.13
05-Dec-2022,18125516.1,9721819.601,0,11110781.55,14032825.32,18196915.78,8596993.558,9321419.486,50,89106271.4,12,88058700.46,0.7617382279,5.284996504,0.1434669135,89106271.4
06-Dec-2022,19075144.51,9677779.017,0,10980275.84,14048456.43,18185053.38,8797423.049,9336841.771,50,89106271.4,12,88058700.46,1.116310427,5.284996504,0.1434669135,90100974
07-Dec-2022,18753096.61,9640428.141,0,10759305.95,13911684.25,18090154.21,8596993.558,9566745.103,50,89106271.4,12,88058700.46,-0.8685435186,5.284996504,0.1434669135,89318407.83
08-Dec-2022,18142031.38,9683911.25,0,10643630.43,14075810.86,18368920.52,8618468.146,9509666.751,50,89106271.4,12,88058700.46,-0.3089715651,5.284996504,0.1434669135,89042439.34
09-Dec-2022,17803468.21,9630951.054,0,10697019.13,14462680.73,18226571.77,8704366.5,9568176.037,50,89106271.4,12,88058700.46,0.05704480693,5.284996504,0.1434669135,89093233.43
12-Dec-2022,18274153.59,9560151.633,0,10527954.92,14576006.25,18196915.78,8661417.323,9716357.161,51,89512956.65,12,88058700.46,0.4711056134,0.4564047524,0.1434669135,89512956.65
13-Dec-2022,19653179.19,9534507.749,0,10487913.39,14951152.79,18149466.19,8596993.558,9785200.967,51,89512956.65,12,88058700.46,1.838233534,0.4564047524,0.1434669135,91158413.84
14-Dec-2022,19686209.74,9489352.213,0,10465668.1,14744040.64,18001186.24,8596993.558,10487471.38,51,89512956.65,12,88058700.46,0.3428186405,0.4564047524,0.1434669135,91470921.88
15-Dec-2022,19603633.36,9577433.382,0,10450837.91,15584212.58,18392645.31,8596993.558,10521336.81,51,89512956.65,12,88058700.46,1.373300947,0.4564047524,0.1434669135,92727092.91
16-Dec-2022,19644921.55,9606422.121,0,10401898.26,15005861.66,18712930.01,8475304.223,10580959.04,51,89512956.65,12,88058700.46,-0.3222316399,0.4564047524,0.1434669135,92428296.88
19-Dec-2022,20718414.53,9580220.76,0,10295120.87,14517389.61,19875444.84,8725841.088,10877480.28,52,94589911.98,12,88058700.46,2.338694068,5.671754697,0.1434669135,94589911.98
20-Dec-2022,21337737.41,9638198.238,0,10166098.18,14497850.72,20154211.15,8919112.384,10645987.03,52,94589911.98,12,88058700.46,0.8132824217,5.671754697,0.1434669135,95359195.1
21-Dec-2022,21643270.02,9593600.178,0,10335162.39,14560375.15,19549228.94,8704366.5,10762528.62,52,94589911.98,12,88058700.46,-0.2209155622,5.671754697,0.1434669135,95148531.8
22-Dec-2022,20421139.55,9525588.137,0,10097879.28,14755763.97,19922894.42,8432355.046,10874141.44,52,94589911.98,12,88058700.46,-1.1758142,5.671754697,0.1434669135,94029761.85
23-Dec-2022,20255986.79,9522800.758,0,9847248.999,14509574.05,20106761.57,8367931.281,10726914.27,52,94589911.98,12,88058700.46,-0.7365158917,5.671754697,0.1434669135,93337217.72
26-Dec-2022,17786952.93,9731854.164,0,10243215.19,14333724.11,19306049.82,8375089.477,10581118.04,53,90358003.73,12,88058700.46,-3.191882145,-4.473953047,0.1434669135,90358003.73
27-Dec-2022,20107349.3,9982160.776,0,10740026.69,14341539.66,19228944.25,8274874.732,10514500.13,53,90358003.73,12,88058700.46,3.133526298,-4.473953047,0.1434669135,93189395.54
28-Dec-2022,20478943.02,9793176.497,0,10851253.15,13356779.99,17947805.46,8217609.162,10450585.09,53,90358003.73,12,88058700.46,-2.246224639,-4.473953047,0.1434669135,91096152.37
29-Dec-2022,21659785.3,9637083.287,0,11021800.39,14236029.7,19039145.91,8002863.278,10509094.38,53,90358003.73,12,88058700.46,3.303816664,-4.473953047,0.1434669135,94105802.24
30-Dec-2022,20891824.94,9457018.62,0,10993623.02,14122704.18,19739027.28,8174659.986,10533897.23,53,90358003.73,12,88058700.46,-0.2051382385,-4.473953047,0.1434669135,93912755.25
02-Jan-2023,20900082.58,9541197.458,0,11009936.23,14087534.19,20527876.63,8453829.635,10509094.38,1,95029551.1,1,95029551.1,1.189184416,5.170042697,7.916140717,95029551.1
03-Jan-2023,20660611.07,9477087.747,0,10968411.69,14189136.38,20937129.3,8289191.124,10644079.11,1,95029551.1,1,95029551.1,0.1432136794,5.170042697,7.916140717,95165646.42
04-Jan-2023,20594549.96,9498271.825,0,10987690.94,14130519.73,21281138.79,8282032.928,10662204.27,1,95029551.1,1,95029551.1,0.284516567,5.170042697,7.916140717,95436408.45
05-Jan-2023,19950454.17,9400156.093,0,10863117.31,14669792.89,21512455.52,8346456.693,10721826.51,1,95029551.1,1,95029551.1,0.02918249572,5.170042697,7.916140717,95464259.17
06-Jan-2023,20330305.53,9328799.197,0,11109298.53,14865181.71,22141162.51,8324982.104,10572373.44,1,95029551.1,1,95029551.1,1.265231481,5.170042697,7.916140717,96672103.03
09-Jan-2023,19884393.06,9476530.271,0,11042562.66,14587729.58,21346381.97,8231925.555,10281575.93,2,94851099.03,1,95029551.1,-1.883691308,-0.1877858695,7.916140717,94851099.03
10-Jan-2023,20677126.34,9541197.458,0,11045528.7,14701055.1,22093712.93,8110236.22,10456308.83,2,94851099.03,1,95029551.1,1.870370042,-0.1877858695,7.916140717,96625165.57
11-Jan-2023,19958711.81,9570186.197,0,10980275.84,14267291.91,21838671.41,8117394.417,10557905.11,2,94851099.03,1,95029551.1,-1.38134705,-0.1877858695,7.916140717,95290436.7
12-Jan-2023,19702725.02,9526145.613,0,10920955.06,14486127.39,22040332.15,7888332.14,10610531.67,2,94851099.03,1,95029551.1,-0.1209855398,-0.1877858695,7.916140717,95175149.05
13-Jan-2023,19620148.64,9756940.573,0,10937268.28,14110980.85,21411625.15,7959914.102,10607351.82,2,94851099.03,1,95029551.1,-0.8100009806,-0.1877858695,7.916140717,94404229.41
16-Jan-2023,20322047.89,9718474.746,0,10879430.52,14134427.51,21470937.13,7888332.14,10508299.41,3,94921949.36,1,95029551.1,0.5484075769,0.07469636558,7.916140717,94921949.36
17-Jan-2023,20016515.28,9539525.031,0,10992140,14251660.81,21091340.45,7716535.433,10395096.67,3,94921949.36,1,95029551.1,-0.9683068057,0.07469636558,7.916140717,94002813.66
18-Jan-2023,19917423.62,9684468.726,0,10974343.76,14196951.93,20978647.69,7516105.941,10384762.15,3,94921949.36,1,95029551.1,-0.3724461334,0.07469636558,7.916140717,93652703.82
19-Jan-2023,19653179.19,9707882.707,0,10901675.81,14064087.53,20824436.54,7444523.98,10440091.58,3,94921949.36,1,95029551.1,-0.6586317862,0.07469636558,7.916140717,93035877.34
20-Jan-2023,19752270.85,9656594.938,0,10883879.58,14544744.04,20391459.07,7465998.568,10366636.99,3,94921949.36,1,95029551.1,0.02763095282,0.07469636558,7.916140717,93061584.04
23-Jan-2023,19702725.02,9498829.301,0,11091502.3,14923798.36,20456702.25,7444523.98,10513864.16,4,93631945.37,1,95029551.1,0.6128859036,-1.359015481,7.916140717,93631945.37
24-Jan-2023,19752270.85,9761400.379,0,11365860.89,14833919.5,19845788.85,7444523.98,10267425.59,4,93631945.37,1,95029551.1,-0.3852908589,-1.359015481,7.916140717,93271190.04
25-Jan-2023,19636663.91,9720147.174,0,11168619.31,14583821.81,20142348.75,7365783.822,10089989.82,4,93631945.37,1,95029551.1,-0.6044904534,-1.359015481,7.916140717,92707374.6
27-Jan-2023,19215524.36,9611996.878,0,11005487.17,14740132.86,19857651.25,7329992.842,9954369.117,4,93631945.37,1,95029551.1,-1.070270977,-1.359015481,7.916140717,91715154.48
30-Jan-2023,18331957.06,9719032.222,0,10972860.74,14193044.16,19068801.9,7315676.449,9926386.416,5,89527758.95,1,95029551.1,-2.384988112,-4.383318541,7.916140717,89527758.95
31-Jan-2023,17341040.46,9639313.19,0,11041079.64,14091441.97,18736654.8,7251252.684,9598543.628,5,89527758.95,1,95029551.1,-2.042307987,-4.383318541,7.916140717,87699326.38
01-Feb-2023,19479768.79,9615341.733,0,10946166.39,13888237.59,17870699.88,7279885.469,9619530.654,5,89527758.95,2,88699630.51,1.140606406,-4.383318541,-6.661002307,88699630.51
02-Feb-2023,18563170.93,9493812.019,0,10771170.1,13821805.39,17769869.51,7329992.842,9869308.064,5,89527758.95,2,88699630.51,-1.218157998,-4.383318541,-6.661002307,87619128.87
03-Feb-2023,18274153.59,9570743.673,0,10659943.65,14450957.41,18475682.09,7315676.449,10005723.73,5,89527758.95,2,88699630.51,1.293954568,-4.383318541,-6.661002307,88752880.59
06-Feb-2023,18819157.72,9475415.319,0,10622868.16,14275107.46,17603795.97,7365783.822,9807618.926,6,87969747.38,2,88699630.51,-0.8823749745,-1.740255298,-6.661002307,87969747.38
07-Feb-2023,19801816.68,9515553.573,0,10817143.7,14349355.22,18440094.9,7372942.019,9697914.017,6,87969747.38,2,88699630.51,2.302010396,-1.740255298,-6.661002307,89994820.11
08-Feb-2023,19438480.59,9555691.827,0,10694053.09,14443141.85,18671411.63,7430207.588,9884571.356,6,87969747.38,2,88699630.51,0.1363832108,-1.740255298,-6.661002307,90117557.94
09-Feb-2023,19347646.57,9541754.934,0,10708883.29,14497850.72,19395017.79,7494631.353,9547030.018,6,87969747.38,2,88699630.51,0.4607944942,-1.740255298,-6.661002307,90532814.68
10-Feb-2023,18786127.17,9578548.333,0,10968411.69,14361078.55,19395017.79,7587687.903,9391853.218,6,87969747.38,2,88699630.51,-0.5126207933,-1.740255298,-6.661002307,90068724.65
13-Feb-2023,18769611.89,9595830.081,0,10802313.51,14368894.1,19786476.87,7351467.43,9544327.143,7,90218921.02,2,88699630.51,0.1667575252,2.556758103,-6.661002307,90218921.02
14-Feb-2023,17778695.29,9659382.317,0,10787483.32,14165689.72,19934756.82,7680744.452,9662458.662,7,90218921.02,2,88699630.51,-0.6093072647,2.556758103,-6.661002307,89669210.58
15-Feb-2023,17382328.65,9774779.797,0,10757822.93,14150058.62,20077105.58,7508947.745,9552117.782,7,90218921.02,2,88699630.51,-0.5197430459,2.556758103,-6.661002307,89203161.1
16-Feb-2023,18125516.1,9751365.815,0,10692570.07,14001563.11,19727164.89,7687902.648,9707294.581,7,90218921.02,2,88699630.51,0.5495501674,2.556758103,-6.661002307,89693377.22
17-Feb-2023,18290668.87,9550117.07,0,10670324.78,14028917.55,19644128.11,7501789.549,9509030.781,7,90218921.02,2,88699630.51,-0.5556714714,2.556758103,-6.661002307,89194976.71
20-Feb-2023,18356729.98,9467610.659,0,10587275.69,13817897.62,19418742.59,7458840.372,9509189.774,8,88616286.68,2,88699630.51,-0.6487921803,-1.776383856,-6.661002307,88616286.68
21-Feb-2023,19595375.72,9405173.375,0,10590241.73,14079718.64,19205219.45,7401574.803,9549414.907,8,88616286.68,2,88699630.51,1.365924938,-1.776383856,-6.661002307,89826718.63
22-Feb-2023,19306358.38,9616456.684,0,10621385.14,14056271.98,18819691.58,7236936.292,9585347.24,8,88616286.68,2,88699630.51,-0.6504427041,-1.776383856,-6.661002307,89242447.3
23-Feb-2023,19488026.42,9264132.01,0,10480498.29,13985932,18831553.97,7272727.273,9699821.928,8,88616286.68,2,88699630.51,-0.2462453625,-1.776383856,-6.661002307,89022691.91
24-Feb-2023,19537572.25,9276953.952,0,10430075.63,13884329.82,18843416.37,7337151.038,9757854.236,8,88616286.68,2,88699630.51,0.05016854805,-1.776383856,-6.661002307,89067353.3
27-Feb-2023,19578860.45,9071245.401,0,10385585.05,13255177.8,18202846.98,7208303.507,10100960.32,9,87802979.5,2,88699630.51,-1.41957042,-0.9177852134,-6.661002307,87802979.5
28-Feb-2023,19050371.59,9143159.772,0,10309951.06,13450566.63,18244365.36,7136721.546,10411472.91,9,87802979.5,2,88699630.51,-0.06420127227,-0.9177852134,-6.661002307,87746608.87
01-Mar-2023,18769611.89,9141487.345,0,10266943.5,13802266.51,18167259.79,7151037.938,10535646.15,9,87802979.5,3,87834253.11,0.09988334116,-0.9177852134,-0.9756268328,87834253.11
02-Mar-2023,19058629.23,8980376.854,0,10269909.54,13274716.69,18072360.62,7136721.546,10579051.13,9,87802979.5,3,87834253.11,-0.5265457329,-0.9177852134,-0.9756268328,87371765.6
03-Mar-2023,19256812.55,9046158.992,0,10213554.8,13317702.23,18487544.48,7093772.369,10557905.11,9,87802979.5,3,87834253.11,0.688649163,-0.9177852134,-0.9756268328,87973450.54
06-Mar-2023,19331131.3,9008250.641,0,10588758.71,13274716.69,19104389.09,7086614.173,10597971.25,10,88991831.85,3,87834253.11,1.157600741,1.354000009,-0.9756268328,88991831.85
08-Mar-2023,19380677.13,9005463.262,0,10750407.83,13098866.74,19092526.69,7201145.311,10620707.2,10,88991831.85,3,87834253.11,0.1775020371,1.354000009,-0.9756268328,89149794.16
09-Mar-2023,19347646.57,8976474.523,0,10628800.24,13278624.46,19774614.47,7193987.115,10815950.14,10,88991831.85,3,87834253.11,0.9717390455,1.354000009,-0.9756268328,90016097.52
10-Mar-2023,19636663.91,8930761.512,0,10519056.8,13466197.73,19679715.3,7115246.958,11022799.54,10,88991831.85,3,87834253.11,0.3936454118,1.354000009,-0.9756268328,90370441.76
13-Mar-2023,19223782,8924071.803,0,10305502,13458382.18,19614472.12,7143879.742,11227423.05,11,89897512.9,3,87834253.11,-0.5233225103,1.017712556,-0.9756268328,89897512.9
14-Mar-2023,17786952.93,8912364.812,0,10057837.76,13368503.32,18938315.54,7165354.331,10914207.58,11,89897512.9,3,87834253.11,-3.06346253,1.017712556,-0.9756268328,87143536.27
15-Mar-2023,17819983.48,8920726.948,0,9836867.863,13196561.16,18374851.72,7007874.016,11074949.12,11,89897512.9,3,87834253.11,-1.046230165,1.017712556,-0.9756268328,86231814.31
16-Mar-2023,18282411.23,8904560.152,0,9762716.892,12926924.58,17419928.83,7029348.604,10370134.83,11,89897512.9,3,87834253.11,-1.781000683,1.017712556,-0.9756268328,84696025.11
17-Mar-2023,17993393.89,8855502.286,0,9651490.435,12586948.03,17319098.46,6778811.739,10588749.68,11,89897512.9,3,87834253.11,-1.088635024,1.017712556,-0.9756268328,83773994.52
20-Mar-2023,19735755.57,8715018.397,0,9833901.824,12833137.94,16826809.02,6757337.151,10352327.65,12,85054287.56,3,87834253.11,1.528270258,-5.387496476,-0.9756268328,85054287.56
21-Mar-2023,19570602.81,8601850.819,0,10293637.85,12684642.44,16779359.43,6850393.701,10513069.19,12,85054287.56,3,87834253.11,0.281312896,-5.387496476,-0.9756268328,85293556.24
22-Mar-2023,19413707.68,8711116.066,0,10539819.07,12629933.57,16737841.04,6664280.601,10554884.25,12,85054287.56,3,87834253.11,-0.04921116552,-5.387496476,-0.9756268328,85251582.28
23-Mar-2023,19578860.45,8728955.29,0,10401898.26,12559593.59,16263345.2,6621331.424,10290797.51,12,85054287.56,3,87834253.11,-0.9463760587,-5.387496476,-0.9756268328,84444781.72
24-Mar-2023,19430222.96,8710558.591,0,10158683.08,12641656.9,16791221.83,6664280.601,10325616.89,12,85054287.56,3,87834253.11,0.3285687014,-5.387496476,-0.9756268328,84722240.84
27-Mar-2023,19256812.55,8695506.745,0,9787928.222,13028526.77,17028469.75,6735862.563,10675241.67,13,85208348.27,3,87834253.11,0.5737660174,0.1811322113,-0.9756268328,85208348.27
28-Mar-2023,19595375.72,8728397.815,0,9446833.754,13235638.92,16642941.87,6793128.132,10600356.14,13,85208348.27,3,87834253.11,-0.1944362392,0.1811322113,-0.9756268328,85042672.36
29-Mar-2023,17696118.91,8745679.563,0,9360818.627,13352872.22,16026097.27,6828919.112,10005882.73,13,85208348.27,3,87834253.11,-3.558547552,0.1811322113,-0.9756268328,82016388.43
31-Mar-2023,18183319.57,8712788.494,0,9409758.268,12969910.12,16186239.62,6821760.916,10004292.8,13,85208348.27,3,87834253.11,0.3312525332,0.1811322113,-0.9756268328,82288069.79
03-Apr-2023,17398843.93,8808674.323,0,9523950.764,12860492.38,16055753.26,6771653.543,10079973.29,14,81499341.49,4,81499341.49,-0.9584965368,-4.352867827,-7.212347573,81499341.49
05-Apr-2023,17464905.04,8825398.595,0,9900637.698,13227823.37,16109134.05,6700071.582,10631518.7,14,81499341.49,4,81499341.49,1.668906162,-4.352867827,-7.212347573,82859489.02
06-Apr-2023,17522708.51,8768536.069,0,10160166.1,13024618.99,16737841.04,6778811.739,10469664.21,14,81499341.49,4,81499341.49,0.7275661946,-4.352867827,-7.212347573,83462346.65
10-Apr-2023,17225433.53,9035009.477,0,10044490.58,13200468.93,17153024.91,6907659.27,10252003.31,15,83818090.01,4,81499341.49,0.426232147,2.845113191,-7.212347573,83818090.01
11-Apr-2023,17175887.7,9035009.477,0,10167581.2,13278624.46,16690391.46,7136721.546,10218614.86,15,83818090.01,4,81499341.49,-0.1375112632,2.845113191,-7.212347573,83702830.69
12-Apr-2023,17184145.33,9033894.525,0,10404864.3,13376318.87,17040332.15,7108088.762,10053262.53,15,83818090.01,4,81499341.49,0.5950524956,2.845113191,-7.212347573,84200906.48
13-Apr-2023,17076796.04,9258557.253,0,10636215.33,13677217.66,17069988.14,7308518.253,10020987.03,15,83818090.01,4,81499341.49,1.006370672,2.845113191,-7.212347573,85048279.7
17-Apr-2023,17217175.89,9290890.846,0,10897226.75,13903868.7,17147093.71,7151037.938,9987121.598,16,85594415.44,4,81499341.49,0.6421478874,2.119262594,-7.212347573,85594415.44
18-Apr-2023,17085053.67,9242947.932,0,10615453.06,13880422.04,17241992.88,7251252.684,9959615.874,16,85594415.44,4,81499341.49,-0.371142538,2.119262594,-7.212347573,85276738.15
19-Apr-2023,17093311.31,9219533.95,0,10427109.6,13665494.33,17449584.82,7287043.665,9822087.255,16,85594415.44,4,81499341.49,-0.3665398417,2.119262594,-7.212347573,84964164.93
20-Apr-2023,16944673.82,9141487.345,0,10542785.11,13153575.62,18309608.54,7258410.88,9798079.369,16,85594415.44,4,81499341.49,0.2170982988,2.119262594,-7.212347573,85148620.69
21-Apr-2023,16994219.65,9083509.867,0,10361856.74,13474013.29,18333333.33,7272727.273,9682332.74,16,85594415.44,4,81499341.49,0.06268123618,2.119262594,-7.212347573,85201992.89
24-Apr-2023,17027250.21,9250195.116,0,10462702.06,13180930.05,17728351.13,7158196.135,10168373.19,17,84975997.88,4,81499341.49,-0.2652461536,-0.7224975461,-7.212347573,84975997.88
25-Apr-2023,17043765.48,9252425.019,0,10390034.11,13134036.73,17746144.72,7151037.938,10240714.83,17,84975997.88,4,81499341.49,-0.02099304386,-0.7224975461,-7.212347573,84958158.84
26-Apr-2023,17035507.84,9262459.583,0,10434524.69,13227823.37,17514828,7179670.723,10286027.73,17,84975997.88,4,81499341.49,-0.02038285761,-0.7224975461,-7.212347573,84940841.94
27-Apr-2023,16738232.87,9372839.781,0,10443422.81,13251270.03,17971530.25,7222619.9,10319575.17,17,84975997.88,4,81499341.49,0.4457795095,-0.7224975461,-7.212347573,85319490.8
28-Apr-2023,16796036.33,9215074.144,0,10634732.32,13208284.49,18155397.39,7229778.096,10459011.7,17,84975997.88,4,81499341.49,0.4440060059,-0.7224975461,-7.212347573,85698314.47
02-May-2023,16961189.1,8263463.039,0,10689604.03,12946463.46,18190984.58,7344309.234,10426895.19,18,84822908.64,5,84822908.64,-1.021497135,-0.1801558646,4.078029452,84822908.64
03-May-2023,17440132.12,7820269.818,0,10679222.9,12966002.34,18902728.35,7508947.745,10520541.85,18,84822908.64,5,84822908.64,1.19653582,-0.1801558646,4.078029452,85837845.13
04-May-2023,17349298.1,7794068.458,0,10627317.22,13161391.17,19193357.06,7537580.53,10966516.15,18,84822908.64,5,84822908.64,0.9223012987,-0.1801558646,4.078029452,86629528.69
05-May-2023,17448389.76,7917828.074,0,10904641.85,13419304.42,18339264.53,7695060.845,10668881.96,18,84822908.64,5,84822908.64,-0.2726059446,-0.1801558646,4.078029452,86393371.44
08-May-2023,17308009.91,7897758.947,0,10959513.57,13516998.83,18368920.52,7566213.314,11022481.56,19,86639896.65,5,84822908.64,0.2853519909,2.142095851,4.078029452,86639896.65
09-May-2023,17324525.19,7893856.617,0,10858668.25,13661586.56,18428232.5,7616320.687,11860213.69,19,86639896.65,5,84822908.64,1.158250271,2.142095851,4.078029452,87643403.49
10-May-2023,17365813.38,7942357.007,0,11070740.03,13638139.9,17669039.15,7559055.118,11726659.88,19,86639896.65,5,84822908.64,-0.7662858828,2.142095851,4.078029452,86971804.46
11-May-2023,17324525.19,7857063.218,0,9942162.242,13708479.87,18090154.21,7687902.648,11888196.39,19,86639896.65,5,84822908.64,-0.5442231442,2.142095851,4.078029452,86498483.77
12-May-2023,17580511.97,7842011.372,0,10025211.33,13294255.57,17965599.05,7530422.334,11993131.52,19,86639896.65,5,84822908.64,-0.3090697181,2.142095851,4.078029452,86231143.15
15-May-2023,17927332.78,7800200.691,0,9879875.426,13571707.7,17841043.89,7866857.552,12093932.84,20,86980950.88,5,84822908.64,0.8695324073,0.3936457097,4.078029452,86980950.88
16-May-2023,17597027.25,7739435.834,0,9832418.805,13669402.11,17864768.68,7981388.69,12131614.09,20,86980950.88,5,84822908.64,-0.1895764709,0.3936457097,4.078029452,86816055.47
17-May-2023,17894302.23,7844241.275,0,9825003.708,13700664.32,17473309.61,8081603.436,12428612.31,20,86980950.88,5,84822908.64,0.4972368568,0.3936457097,4.078029452,87247736.89
18-May-2023,17696118.91,7753372.728,0,9611448.91,13786635.4,18084223.01,7995705.082,12123664.46,20,86980950.88,5,84822908.64,-0.2252991177,0.3936457097,4.078029452,87051168.51
19-May-2023,17630057.8,7751700.301,0,9641109.299,13700664.32,17728351.13,7945597.709,12132409.06,20,86980950.88,5,84822908.64,-0.5988189491,0.3936457097,4.078029452,86529889.62
22-May-2023,17308009.91,7700412.532,0,9685599.881,13556076.59,17158956.11,7881173.944,12635620.71,21,85925849.68,5,84822908.64,-0.6980708571,-1.213025607,4.078029452,85925849.68
23-May-2023,17671346,7625153.306,0,9685599.881,13286440.02,16850533.81,7909806.729,12821006.11,21,85925849.68,5,84822908.64,-0.08840626665,-1.213025607,4.078029452,85849885.84
24-May-2023,17514450.87,7527595.05,0,9707845.173,13216100.04,17081850.53,7945597.709,12527823.71,21,85925849.68,5,84822908.64,-0.3827876483,-1.213025607,4.078029452,85521263.08
25-May-2023,17522708.51,7525922.622,0,9623313.065,13227823.37,16986951.36,7866857.552,12728790.38,21,85925849.68,5,84822908.64,-0.04548134282,-1.213025607,4.078029452,85482366.86
26-May-2023,17374071.02,7605641.655,0,9645558.357,13337241.11,17491103.2,7888332.14,12102836.43,21,85925849.68,5,84822908.64,-0.04396573794,-1.213025607,4.078029452,85444783.91
29-May-2023,17448389.76,7683130.784,0,9810173.513,13216100.04,17253855.28,8038654.259,12071196.9,22,85521500.53,5,84822908.64,0.08978502736,-0.4705791633,4.078029452,85521500.53
30-May-2023,17456647.4,7636302.821,0,9727124.425,13278624.46,17443653.62,7945597.709,12041624.27,22,85521500.53,5,84822908.64,0.00944110268,-0.4705791633,4.078029452,85529574.7
31-May-2023,17398843.93,7600624.373,0,9695981.017,13438843.3,17597864.77,8002863.278,12297920.38,22,85521500.53,5,84822908.64,0.5885289862,-0.4705791633,4.078029452,86032941.04
01-Jun-2023,17448389.76,7631285.539,0,10008898.12,13614693.24,18238434.16,8052970.651,12343233.27,22,85521500.53,6,87337904.74,1.516818658,-0.4705791633,2.964996302,87337904.74
02-Jun-2023,17952105.7,7683130.784,0,9936230.165,13610785.46,19335705.81,8153185.397,12231143.47,22,85521500.53,6,87337904.74,1.791183397,-0.4705791633,2.964996302,88902286.79
05-Jun-2023,18604459.12,7670308.841,0,9959958.476,13610785.46,19228944.25,8253400.143,12405558.38,23,89733414.68,6,87337904.74,0.9348779572,4.9249769,2.964996302,89733414.68
06-Jun-2023,18364987.61,7815252.536,0,10057837.76,14376709.65,19988137.6,8282032.928,12438151.87,23,89733414.68,6,87337904.74,1.771575606,4.9249769,2.964996302,91323109.96
07-Jun-2023,18348472.34,7865982.83,0,10293637.85,14404064.09,20065243.18,8317823.908,12320020.35,23,89733414.68,6,87337904.74,0.3198911845,4.9249769,2.964996302,91615244.54
08-Jun-2023,18257638.32,7962983.61,0,10253596.32,14107073.08,20545670.23,8353614.889,12670599.08,23,89733414.68,6,87337904.74,0.5849801363,4.9249769,2.964996302,92151175.52
09-Jun-2023,18472336.91,8086743.227,0,10017796.23,14454865.18,20818505.34,8317823.908,12618608.5,23,89733414.68,6,87337904.74,0.6896317608,4.9249769,2.964996302,92786679.3
12-Jun-2023,18331957.06,8340394.693,0,10054871.72,14247753.03,20848161.33,8303507.516,12448963.37,24,92575608.71,6,87337904.74,-0.2274794017,3.167375327,2.964996302,92575608.71
13-Jun-2023,18059455,8318095.663,0,9940679.223,14161781.95,20575326.22,8239083.751,12201729.84,24,92575608.71,6,87337904.74,-1.166027525,3.167375327,2.964996302,91496151.63
14-Jun-2023,18959537.57,8203813.134,0,9915467.893,14490035.17,20729537.37,8253400.143,12492686.34,24,92575608.71,6,87337904.74,1.692230718,3.167375327,2.964996302,93044477.62
15-Jun-2023,18596201.49,8116289.441,0,9869494.29,14693239.55,21109134.05,8332140.301,13072055.46,24,92575608.71,6,87337904.74,0.7997002812,3.167375327,2.964996302,93788554.57
16-Jun-2023,18860445.91,8145278.18,0,10099362.3,14611176.24,21192170.82,8267716.535,12989856.27,24,92575608.71,6,87337904.74,0.4024496319,3.167375327,2.964996302,94166006.26
16-Jun-2023,18678777.87,8193221.095,0,10143852.88,14845642.83,20563463.82,8375089.477,12727518.44,24,92575608.71,6,87337904.74,-0.677993967,3.167375327,2.964996302,93527566.42
19-Jun-2023,21651527.66,7992529.825,0,10416728.46,14783118.41,19768683.27,8246241.947,12941204.53,25,95800034.1,6,87337904.74,2.429730368,3.483018296,2.964996302,95800034.1
20-Jun-2023,21940545,8034897.982,0,10284739.73,14603360.69,20563463.82,8231925.555,13097971.25,25,95800034.1,6,87337904.74,0.9988200312,3.483018296,2.964996302,96756904.03
21-Jun-2023,21123038.81,8198795.852,0,10725196.5,14630715.12,20397390.27,8260558.339,13145192.06,25,95800034.1,6,87337904.74,-0.2852686055,3.483018296,2.964996302,96480886.96
22-Jun-2023,21246903.39,8112944.587,0,10495328.49,14775302.85,20480427.05,8267716.535,13231843.04,25,95800034.1,6,87337904.74,0.134305333,3.483018296,2.964996302,96610465.94
23-Jun-2023,20313790.26,8152525.365,0,10198724.6,14677608.44,20421115.07,8346456.693,13111803.61,25,95800034.1,6,87337904.74,-1.437154752,3.483018296,2.964996302,95222024.04
26-Jun-2023,20908340.21,8219979.931,0,10372237.88,14900351.7,19804270.46,8217609.162,13027537.52,26,95450326.87,6,87337904.74,0.2397584338,-0.3650387352,2.964996302,95450326.87
27-Jun-2023,21502890.17,8145278.18,0,10355924.66,14607268.46,19750889.68,8282032.928,13329146.53,26,95450326.87,6,87337904.74,0.5480376691,-0.3650387352,2.964996302,95973430.62
28-Jun-2023,22402972.75,8107927.305,0,10277324.63,14736225.09,19685646.5,8095919.828,13107192.83,26,95450326.87,6,87337904.74,0.4582292332,-0.3650387352,2.964996302,96413208.93
30-Jun-2023,23443435.18,8256215.855,0,10430075.63,14673700.66,20664294.19,8124552.613,13093837.45,26,95450326.87,6,87337904.74,2.357459803,-0.3650387352,2.964996302,98686111.58
03-Jul-2023,24285714.29,8205485.561,0,11119679.67,14568190.7,20877817.32,8095919.828,13221349.53,27,100374156.9,7,100374156.9,1.710519634,5.158526098,14.92622497,100374156.9
04-Jul-2023,24847233.69,8317538.187,0,11064807.95,14536928.49,21583629.89,8103078.024,13158388.45,27,100374156.9,7,100374156.9,1.232835055,5.158526098,14.92622497,101611604.7
05-Jul-2023,24285714.29,8282417.215,0,11284294.82,14974599.45,21850533.81,8260558.339,13062833.88,27,100374156.9,7,100374156.9,0.3831719097,5.158526098,14.92622497,102000951.8
06-Jul-2023,24516928.16,8325342.848,0,11275396.71,15127002.74,21648873.07,8282032.928,13415002.54,27,100374156.9,7,100374156.9,0.5780604724,5.158526098,14.92622497,102590579
07-Jul-2023,25408753.1,8318095.663,0,10959513.57,15154357.17,22615658.36,8324982.104,13739029.51,27,100374156.9,7,100374156.9,1.881079629,5.158526098,14.92622497,104520389.5
10-Jul-2023,26845582.16,8363251.198,0,10958030.55,15150449.39,22182680.9,8360773.085,13552054.18,28,105412821.5,7,100374156.9,0.8538353197,5.019882351,14.92622497,105412821.5
11-Jul-2023,27052023.12,8474188.873,0,10969894.71,14763579.52,21909845.79,8324982.104,13440600.36,28,105412821.5,7,100374156.9,-0.4531773258,5.019882351,14.92622497,104935114.5
12-Jul-2023,28769611.89,8465826.736,0,10824558.8,14736225.09,21981020.17,8353614.889,13321514.88,28,105412821.5,7,100374156.9,1.445901107,5.019882351,14.92622497,106452372.5
13-Jul-2023,29661436.83,8418441.298,0,10634732.32,14783118.41,23001186.24,8282032.928,13419772.32,28,105412821.5,7,100374156.9,1.642375687,5.019882351,14.92622497,108200720.3
14-Jul-2023,28629232.04,8532166.351,0,10975826.78,14677608.44,23392645.31,8382247.674,13204178.33,28,105412821.5,7,100374156.9,-0.3759821631,5.019882351,14.92622497,107793904.9
17-Jul-2023,30165152.77,8528264.02,0,11579415.69,14556467.37,23469750.89,8324982.104,13446006.11,29,110070038.9,7,100374156.9,2.111560964,4.418074959,14.92622497,110070038.9
18-Jul-2023,29892650.7,8576764.411,0,11356962.78,14243845.25,25100830.37,8274874.732,13491160.01,29,110070038.9,7,100374156.9,0.7877250812,4.418074959,14.92622497,110937088.3
19-Jul-2023,28777869.53,8640316.646,0,11359928.82,14169597.5,26886121,8310665.712,13468742.05,29,110070038.9,7,100374156.9,0.6094922888,4.418074959,14.92622497,111613241.2
20-Jul-2023,28530140.38,8771323.447,0,11503781.7,14165689.72,25984578.89,8396564.066,13376208.34,29,110070038.9,7,100374156.9,-0.7928760913,4.418074959,14.92622497,110728286.5
21-Jul-2023,28216350.12,8846025.198,0,11302091.06,14200859.71,25278766.31,8382247.674,13254419.99,29,110070038.9,7,100374156.9,-1.12665563,4.418074959,14.92622497,109480760.1
24-Jul-2023,28744838.98,8862749.47,0,11196796.68,14142243.06,26055753.26,8353614.889,13363170.95,30,110719167.3,7,100374156.9,1.13116425,0.5897411755,14.92622497,110719167.3
25-Jul-2023,28538398.02,8755156.651,0,11122645.71,14130519.73,26287069.99,8367931.281,13106397.86,30,110719167.3,7,100374156.9,-0.3712528336,0.5897411755,14.92622497,110308119.2
26-Jul-2023,28777869.53,8859962.092,0,11072223.05,14134427.51,26334519.57,8289191.124,13178739.51,30,110719167.3,7,100374156.9,0.3071515869,0.5897411755,14.92622497,110646932.4
27-Jul-2023,28786127.17,8835990.634,0,10849770.13,14368894.1,26488730.72,8296349.32,12934049.86,30,110719167.3,7,100374156.9,-0.07864695594,0.5897411755,14.92622497,110559911.9
28-Jul-2023,29017341.04,8907347.53,0,11222008.01,14040640.88,28374851.72,8861846.815,12899707.45,30,110719167.3,7,100374156.9,2.49984959,0.5897411755,14.92622497,113323743.4
31-Jul-2023,28943022.3,8867209.276,0,11257600.47,14216490.82,27591933.57,8897637.795,12592215.72,31,112366110,7,100374156.9,-0.8450422332,1.487495528,14.92622497,112366110
01-Aug-2023,28852188.27,9217861.523,0,11408868.46,14177413.05,27769869.51,8611309.95,12536409.31,31,112366110,8,112573920.1,0.1849402184,1.487495528,12.15428709,112573920.1
02-Aug-2023,28497109.83,9557921.73,0,11128577.78,14091441.97,27028469.75,8425196.85,12607638.01,31,112366110,8,112573920.1,-1.099334696,1.487495528,12.15428709,111336355.9
03-Aug-2023,27786952.93,9739101.349,0,11303574.08,14318093.01,26642941.87,8382247.674,12823708.98,31,112366110,8,112573920.1,-0.3051438362,1.487495528,12.15428709,110996619.9
04-Aug-2023,28150289.02,10061322.33,0,11316921.25,12833137.94,26144721.23,8525411.596,13596572.12,31,112366110,8,112573920.1,-0.33176181,1.487495528,12.15428709,110628375.5
07-Aug-2023,28175061.93,9902999.219,0,11100400.42,12633841.34,26239620.4,8582677.165,13330577.46,32,109965177.9,8,112573920.1,-0.5994823216,-2.13670475,12.15428709,109965177.9
08-Aug-2023,28794384.81,9973798.64,0,11269464.63,12465806.96,25634638.2,8539727.988,13344091.83,32,109965177.9,8,112573920.1,0.05159370536,-2.13670475,12.15428709,110021913.1
09-Aug-2023,29339388.93,10127104.47,0,11901230.91,12188354.83,25622775.8,8661417.323,13675750.45,32,109965177.9,8,112573920.1,1.358010976,-2.13670475,12.15428709,111516022.7
10-Aug-2023,30156895.13,10370163.9,0,11742547.83,12047674.87,26144721.23,8632784.538,13896909.18,32,109965177.9,8,112573920.1,1.323284259,-2.13670475,12.15428709,112991696.7
11-Aug-2023,29975227.09,10150518.45,0,11684710.07,12227432.59,26209964.41,8647100.93,14146686.59,32,109965177.9,8,112573920.1,0.04420099442,-2.13670475,12.15428709,113041640.1
14-Aug-2023,33426919.9,10167242.72,0,11505264.72,12094568.19,26601423.49,8654259.127,14026488.17,33,116476166.3,8,112573920.1,3.038284106,5.920954707,12.15428709,116476166.3
16-Aug-2023,34483897.61,10044040.58,0,11982796.97,11864009.38,26381969.16,8661417.323,13667800.81,33,116476166.3,8,112573920.1,0.5235109774,5.920954707,12.15428709,117085931.8
17-Aug-2023,36796036.33,10113167.58,0,12835533.15,11684251.66,26530249.11,8475304.223,13538857.8,33,116476166.3,8,112573920.1,2.466110117,5.920954707,12.15428709,119973399.8
18-Aug-2023,36787778.7,9861188.538,0,12619012.31,12360296.99,25865954.92,8503937.008,13762083.44,33,116476166.3,8,112573920.1,-0.1776626688,5.920954707,12.15428709,119760251.9
21-Aug-2023,35441783.65,9919166.016,10000000,12974936.97,12075029.31,25984578.89,8682891.911,13555234.04,34,128633620.8,8,112573920.1,-0.94073942,10.43771858,12.15428709,128633620.8
22-Aug-2023,36308835.67,9906344.074,9499799.116,12933412.43,12063305.98,25599051.01,8539727.988,13944606.97,34,128633620.8,8,112573920.1,0.1255211945,10.43771858,12.15428709,128795083.2
23-Aug-2023,36928158.55,9786486.788,9025713.138,12598250.04,11965611.57,25931198.1,8525411.596,14145891.63,34,128633620.8,8,112573920.1,0.08667890549,10.43771858,12.15428709,128906721.4
24-Aug-2023,36746490.5,9889619.801,8575733.226,12946759.6,11992966,26263345.2,8546886.185,14739411.09,34,128633620.8,8,112573920.1,0.6163295398,10.43771858,12.15428709,129701211.6
25-Aug-2023,35796862.1,9866763.296,8617918.843,12786593.5,11942164.91,27307236.06,8546886.185,14562611.29,34,128633620.8,8,112573920.1,-0.2113900208,10.43771858,12.15428709,129427036.2
28-Aug-2023,34847233.69,9778682.127,8483326.637,12543378.32,12035951.54,27188612.1,8518253.4,14605539.3,35,128000977.1,8,112573920.1,-1.101824713,-0.4918182784,12.15428709,128000977.1
29-Aug-2023,36432700.25,9850039.023,8848935.315,12420287.71,12239155.92,27325029.66,8582677.165,14681219.79,35,128000977.1,8,112573920.1,1.858632456,-0.4918182784,12.15428709,130380044.8
30-Aug-2023,37630057.8,9855613.781,9290879.871,12608631.17,12207893.71,27520759.19,8532569.792,14455768.25,35,128000977.1,8,112573920.1,1.320853013,-0.4918182784,12.15428709,132102173.6
31-Aug-2023,38447564,9963764.076,9381277.622,12635325.52,12161000.39,27698695.14,8589835.361,14166560.67,35,128000977.1,8,112573920.1,0.7129702538,-0.4918182784,12.15428709,133044022.8
01-Sep-2023,41585466.56,9905229.122,9849337.083,13499925.85,12270418.13,28606168.45,8468146.027,13994371.66,35,128000977.1,9,138179062.9,3.859654867,-0.4918182784,22.74518181,138179062.9
04-Sep-2023,40545004.13,9929200.58,10182804.34,13510306.99,12258694.8,28321470.94,8525411.596,13930615.62,36,137203509,9,138179062.9,-0.706007024,7.18942314,22.74518181,137203509
05-Sep-2023,41428571.43,9738543.873,10247087.18,13507340.95,12207893.71,28238434.16,8890479.599,13970363.78,36,137203509,9,138179062.9,0.7472153573,7.18942314,22.74518181,138228714.7
06-Sep-2023,40074318.74,9664399.599,10158698.27,13652676.85,12192262.6,27823250.3,9441660.701,14049224.12,36,137203509,9,138179062.9,-0.8480318278,7.18942314,22.74518181,137056491.2
07-Sep-2023,39777043.77,9777567.176,10116512.66,13517722.08,12770613.52,27983392.65,9441660.701,13838717.88,36,137203509,9,138179062.9,0.1216573154,7.18942314,22.74518181,137223230.4
08-Sep-2023,40033030.55,9952057.085,10172760.14,13580008.9,12883939.04,27698695.14,9370078.74,14192635.46,36,137203509,9,138179062.9,0.4809496366,7.18942314,22.74518181,137883205.1
11-Sep-2023,40710156.9,10006132.23,10050220.97,13489544.71,13040250.1,27953736.65,9370078.74,14525248.03,37,139145368.3,9,138179062.9,0.9153857976,1.41531318,22.74518181,139145368.3
12-Sep-2023,40867052.02,10006689.71,9813177.983,12476642.44,12938647.91,27591933.57,9448818.898,14528427.88,37,139145368.3,9,138179062.9,-1.059307927,1.41531318,22.74518181,137671390.4
13-Sep-2023,37836498.76,10066339.61,9650462.033,12617529.29,12911293.47,27603795.97,9549033.643,13836491.99,37,139145368.3,9,138179062.9,-2.614882902,1.41531318,22.74518181,134071444.8
14-Sep-2023,36878612.72,10031218.64,9744877.461,12662019.87,12551778.04,25836298.93,9584824.624,13754451.79,37,139145368.3,9,138179062.9,-2.258021978,1.41531318,22.74518181,131044082.1
15-Sep-2023,37489677.95,9997770.097,9618320.611,12673884.03,12418913.64,27016607.35,9133858.268,13869085.47,37,139145368.3,9,138179062.9,0.8959087077,1.41531318,22.74518181,132218117.4
18-Sep-2023,37762180.02,9903556.695,9369224.588,12559691.53,12383743.65,27117437.72,9148174.66,13685290,38,131929298.9,9,138179062.9,-0.2184409834,-5.185993292,22.74518181,131929298.9
20-Sep-2023,37877786.95,10050172.82,9226597.027,12449948.09,12348573.66,27657176.75,9341445.956,13359673.11,38,131929298.9,9,138179062.9,0.289606256,-5.185993292,22.74518181,132311374.4
21-Sep-2023,36193228.74,10377411.08,9146243.471,12274951.8,12481438.06,27313167.26,9405869.721,13238043.75,38,131929298.9,9,138179062.9,-1.421661962,-5.185993292,22.74518181,130430353.9
22-Sep-2023,35194054.5,10341732.63,9152269.988,12375797.12,12297772.57,27449584.82,9312813.171,13291306.28,38,131929298.9,9,138179062.9,-0.7782105739,-5.185993292,22.74518181,129415331.1
25-Sep-2023,35623451.69,10182294.57,9230614.705,12249740.47,12309495.9,26850533.81,9291338.583,13354744.34,39,129092214.1,9,138179062.9,-0.249674451,-2.150458484,22.74518181,129092214.1
26-Sep-2023,33724194.88,10035120.97,9256729.61,12218597.06,12329034.78,27639383.16,9148174.66,13303071.74,39,129092214.1,9,138179062.9,-1.113860521,-2.150458484,22.74518181,127654306.9
27-Sep-2023,35763831.54,9970453.785,9134190.438,12260121.61,12415005.86,28202846.98,9126700.072,13132790.64,39,129092214.1,9,138179062.9,1.842189364,-2.150458484,22.74518181,130005940.9
28-Sep-2023,37027250.21,9947597.279,9041783.849,12156310.25,12243063.7,28196915.78,9141016.464,13193684.81,39,129092214.1,9,138179062.9,0.7243372147,-2.150458484,22.74518181,130947622.3
29-Sep-2023,37035507.84,10091426.02,9288871.033,12181521.58,12090660.41,29110320.28,9062276.306,13105443.91,39,129092214.1,9,138179062.9,0.7777193962,-2.150458484,22.74518181,131966027.4
03-Oct-2023,37580511.97,10287657.49,9296906.388,11936823.37,11899179.37,28629893.24,9162491.052,13037872.04,40,131831334.9,10,131831334.9,-0.1020660182,2.121832734,-4.593842095,131831334.9
04-Oct-2023,37927332.78,10301036.9,9025713.138,11748479.91,12098475.97,29982206.41,9026485.326,12869816.84,40,131831334.9,10,131831334.9,0.8709707362,2.121832734,-4.593842095,132979547.3
05-Oct-2023,37390586.29,10432043.71,9055845.721,12231944.24,12352481.44,30320284.7,9226914.817,12712255.15,40,131831334.9,10,131831334.9,0.5585887515,2.121832734,-4.593842095,133722356.1
06-Oct-2023,38711808.42,10429813.8,9043792.688,12108853.63,12184447.05,29572953.74,9155332.856,12622106.33,40,131831334.9,10,131831334.9,0.07983141866,2.121832734,-4.593842095,133829108.5
09-Oct-2023,42634186.62,10274278.07,8824829.249,11758861.04,12196170.38,28742586,9019327.129,12626399.14,41,136076637.6,10,131831334.9,1.679402288,3.220253143,-4.593842095,136076637.6
10-Oct-2023,41494632.54,10335042.93,8844917.638,12175589.5,12118014.85,29359430.61,8869005.011,12522894.94,41,136076637.6,10,131831334.9,-0.2624327233,3.220253143,-4.593842095,135719528
11-Oct-2023,43278282.41,10412532.05,9043792.688,12263087.65,11961703.79,28926453.14,8861846.815,12751685.32,41,136076637.6,10,131831334.9,1.311422089,3.220253143,-4.593842095,137499383.9
12-Oct-2023,44789430.22,10437060.99,9045801.527,12313510.31,11989058.23,29483985.77,8804581.245,13092565.5,41,136076637.6,10,131831334.9,1.786633399,3.220253143,-4.593842095,139955993.8
13-Oct-2023,45342691.99,10610993.42,9021695.46,12116268.72,11934349.36,29169632.27,9076592.699,13727741.03,41,136076637.6,10,131831334.9,0.7459281544,3.220253143,-4.593842095,140999964.9
16-Oct-2023,45317919.08,10500055.75,9031739.654,12168174.4,11918718.25,29264531.44,8983536.149,14151933.35,42,141336608.1,10,131831334.9,0.2387540428,3.865447095,-4.593842095,141336608.1
17-Oct-2023,46878612.72,10542423.9,8877059.06,12811804.83,11910902.7,29223013.05,8869005.011,14468169.68,42,141336608.1,10,131831334.9,1.587969964,3.865447095,-4.593842095,143580990.9
18-Oct-2023,48670520.23,10694057.31,8678184.01,12801423.7,11867917.16,28908659.55,8876163.207,14546871.03,42,141336608.1,10,131831334.9,1.018801463,3.865447095,-4.593842095,145043796.2
19-Oct-2023,49744013.21,10745902.55,8605865.81,12945276.58,11895271.59,29145907.47,8983536.149,14567699.06,42,141336608.1,10,131831334.9,1.095997407,3.865447095,-4.593842095,146633472.4
20-Oct-2023,50255986.79,10850150.52,8605865.81,12805872.76,11895271.59,28653618.03,9012168.933,14730348.51,42,141336608.1,10,131831334.9,0.1198979379,3.865447095,-4.593842095,146809282.9
23-Oct-2023,49562345.17,10753149.74,8300522.298,12156310.25,11875732.71,29139976.28,8933428.776,14474211.4,43,145195676.6,10,131831334.9,-1.099117371,2.730409763,-4.593842095,145195676.6
25-Oct-2023,47456647.4,10557475.75,8443149.859,12153344.21,11582649.47,28991696.32,9141016.464,13718996.44,43,145195676.6,10,131831334.9,-2.169968671,2.730409763,-4.593842095,142044975.9
26-Oct-2023,48513625.1,10434831.08,8672157.493,12242325.37,11148886.28,27342823.25,9026485.326,13616287.2,43,145195676.6,10,131831334.9,-0.7374810606,2.730409763,-4.593842095,140997421.1
27-Oct-2023,47217175.89,11136135.58,8955403.777,12633842.5,10910511.92,26743772.24,8797423.049,13213399.9,43,145195676.6,10,131831334.9,-0.9856607691,2.730409763,-4.593842095,139607664.9
30-Oct-2023,47473162.68,11078158.1,8798714.343,12286815.96,11086361.86,25664294.19,8589835.361,13518983.72,44,138496326.2,10,131831334.9,-0.7960441507,-4.614015073,-4.593842095,138496326.2
31-Oct-2023,48100743.19,10923737.32,8798714.343,11809283.7,11348182.88,26832740.21,8518253.4,13263323.58,44,138496326.2,10,131831334.9,0.7932718903,-4.614015073,-4.593842095,139594978.6
01-Nov-2023,47679603.63,10959973.24,8744475.693,11883434.67,11414615.08,26447212.34,8761632.069,13174446.71,44,138496326.2,11,139065393.4,-0.3793726668,-4.614015073,5.487358919,139065393.4
02-Nov-2023,49108175.06,10923737.32,8732422.66,11954619.61,11160609.61,26150652.43,8604151.754,13209584.08,44,138496326.2,11,139065393.4,0.5598510625,-4.614015073,5.487358919,139843952.5
03-Nov-2023,49240297.27,10968335.38,8800723.182,12174106.48,11344275.11,25883748.52,8582677.165,14217915.29,44,138496326.2,11,139065393.4,0.9783232315,-4.614015073,5.487358919,141212078.4
06-Nov-2023,50313790.26,10912587.8,8724387.304,12156310.25,11234857.37,26328588.37,8460987.831,14209488.68,45,142340997.9,11,139065393.4,0.7994496511,2.77600985,5.487358919,142340997.9
07-Nov-2023,53080099.09,10874121.98,8726396.143,12217114.04,11258304.03,27135231.32,8396564.066,14006773.09,45,142340997.9,11,139065393.4,2.356036515,2.77600985,5.487358919,145694603.7
08-Nov-2023,55648224.61,10812799.64,8603856.971,12215631.02,11512309.5,27336892.05,8346456.693,14534310.61,45,142340997.9,11,139065393.4,2.275909514,2.77600985,5.487358919,149010481.1
09-Nov-2023,57456647.4,10978369.94,8644033.748,12172623.46,11543571.71,27597864.77,8418038.654,14537808.45,45,142340997.9,11,139065393.4,1.56933728,2.77600985,5.487358919,151348958.1
10-Nov-2023,55507844.76,11221986.84,8917235.838,12142963.07,11879640.48,28487544.48,8575518.969,14240492.24,45,142340997.9,11,139065393.4,-0.2482550532,2.77600985,5.487358919,150973226.7
12-Nov-2023,55904211.4,11751031.33,9061872.238,12387661.28,12078937.08,28422301.3,8525411.596,13905017.81,46,152036444,11,139065393.4,0.7042423143,6.811422091,5.487358919,152036444
13-Nov-2023,55829892.65,11666852.49,9029730.816,12159276.29,12078937.08,28451957.3,8317823.908,14048270.16,46,152036444,11,139065393.4,-0.2984174908,6.811422091,5.487358919,151582740.7
15-Nov-2023,55689512.8,11715352.88,9005624.749,12233427.26,12063305.98,28463819.69,8410880.458,13874968.2,46,152036444,11,139065393.4,-0.08302308997,6.811422091,5.487358919,151456892
16-Nov-2023,54467382.33,11515219.09,9118119.727,12255672.55,12016412.66,29157769.87,8539727.988,13908197.66,46,152036444,11,139065393.4,-0.3158589486,6.811422091,5.487358919,150978501.9
17-Nov-2023,51775392.24,11756606.09,8871032.543,12230461.22,12133645.96,29964412.81,8425196.85,14554184.69,46,152036444,11,139065393.4,-0.8395695183,6.811422091,5.487358919,149710932.4
20-Nov-2023,52369942.2,11788939.68,8658095.621,13362005.04,12168815.94,30195729.54,8618468.146,14611740.02,47,151773736.2,11,139065393.4,1.377857822,-0.1727926838,5.487358919,151773736.2
21-Nov-2023,51824938.07,11950607.65,8846926.476,13759454.25,12387651.43,27852906.29,8575518.969,14733051.39,47,151773736.2,11,139065393.4,-1.214097853,-0.1727926838,5.487358919,149931054.5
22-Nov-2023,55028901.73,12053183.19,8915226.999,13729793.86,12528331.38,27176749.7,8518253.4,14704273.72,47,151773736.2,11,139065393.4,1.816607962,-0.1727926838,5.487358919,152654714
23-Nov-2023,55020644.1,11826848.03,8889112.093,13588907.01,12512700.27,28013048.64,8682891.911,14940695.75,47,151773736.2,11,139065393.4,0.5372476239,-0.1727926838,5.487358919,153474847.8
24-Nov-2023,54318744.84,11984613.67,9100040.177,13879578.82,12430636.97,27769869.51,8647100.93,15365524.04,47,151773736.2,11,139065393.4,0.01385318258,-0.1727926838,5.487358919,153496109
28-Nov-2023,54368290.67,12156316.2,9094013.66,14214741.21,12360296.99,28333333.33,8460987.831,15362344.19,48,154350324.1,11,139065393.4,0.5565060455,1.697650705,5.487358919,154350324.1
29-Nov-2023,54046242.77,11889285.32,9081960.627,14128726.09,12680734.66,27817319.1,8639942.734,15081563.22,48,154350324.1,11,139065393.4,-0.6378668634,1.697650705,5.487358919,153365774.5
30-Nov-2023,53121387.28,12173040.47,9216552.832,14566216.82,12415005.86,28202846.98,8611309.95,15023848.89,48,154350324.1,11,139065393.4,-0.02318993806,1.697650705,5.487358919,153330209.1
01-Dec-2023,53691164.33,12238265.14,9059863.399,14517277.18,12516608.05,28196915.78,8690050.107,14857383.62,48,154350324.1,12,153767527.6,0.2852135311,1.697650705,10.57210122,153767527.6
04-Dec-2023,55301403.8,12496933.88,9244676.577,14548420.58,12559593.59,27829181.49,8682891.911,15049605.7,49,155712707.5,12,153767527.6,1.265013478,0.8826566848,10.57210122,155712707.5
05-Dec-2023,55507844.76,12631843.01,9742868.622,14199911.02,12477530.29,27651245.55,8818897.638,15300019.08,49,155712707.5,12,153767527.6,0.3965331006,0.8826566848,10.57210122,156330160
06-Dec-2023,55681255.16,12818597.39,9925672.961,14202877.06,12610394.69,28760379.6,8783106.657,15170122.11,49,155712707.5,12,153767527.6,1.037704849,0.8826566848,10.57210122,157952405.6
07-Dec-2023,54145334.43,12738878.36,10010044.19,14026397.75,12981633.45,29252669.04,8833214.03,15311625.54,49,155712707.5,12,153767527.6,-0.4131680173,0.8826566848,10.57210122,157299796.8
08-Dec-2023,53162675.47,12761734.86,9813177.983,13928518.46,12911293.47,30011862.4,8754473.873,15441840.5,49,155712707.5,12,153767527.6,-0.3269042788,0.8826566848,10.57210122,156785577
11-Dec-2023,53443435.18,12559928.64,9867416.633,13792080.68,13184837.83,30385527.88,8647100.93,15389531.93,50,157269859.7,12,153767527.6,0.308882151,1.000016104,10.57210122,157269859.7
12-Dec-2023,52559867.88,12625153.31,9664523.905,13455435.27,13196561.16,31755634.64,8747315.676,15463463.5,50,157269859.7,12,153767527.6,0.1259590565,1.000016104,10.57210122,157467955.3
13-Dec-2023,52014863.75,12479652.14,9632382.483,13537001.33,13298163.35,32823250.3,8861846.815,15460760.62,50,157269859.7,12,153767527.6,0.4064099618,1.000016104,10.57210122,158107920.8
14-Dec-2023,52799339.39,12363139.7,9586179.188,13971526.03,13700664.32,32479240.81,8847530.422,16102295.85,50,157269859.7,12,153767527.6,1.101775879,1.000016104,10.57210122,159849915.7
15-Dec-2023,53542526.84,12170253.09,9548011.249,14176182.71,13567799.92,33036773.43,8790264.853,16197055.46,50,157269859.7,12,153767527.6,0.7375367271,1.000016104,10.57210122,161028867.5
18-Dec-2023,52221304.71,12258334.26,9648453.194,14030846.8,13575615.47,33463819.69,8632784.538,16145541.85,51,159976700.5,12,153767527.6,-0.6534027382,1.721144048,10.57210122,159976700.5
19-Dec-2023,52312138.73,12313524.36,9574126.155,13922586.39,13708479.87,34691577.7,8632784.538,16574980.92,51,159976700.5,12,153767527.6,1.096095956,1.721144048,10.57210122,161730198.7
20-Dec-2023,52089182.49,12424462.04,9325030.133,13523654.16,13720203.2,34086595.49,8711524.696,16103249.81,51,159976700.5,12,153767527.6,-1.079759163,1.721144048,10.57210122,159983902
21-Dec-2023,53220478.94,12538187.09,9562073.122,13590390.03,13708479.87,33956109.13,8811739.442,16007695.24,51,159976700.5,12,153767527.6,0.8821205382,1.721144048,10.57210122,161395152.9
22-Dec-2023,54037985.14,12349760.29,9511852.149,13563695.68,13571707.7,31779359.43,8840372.226,16059049.86,51,159976700.5,12,153767527.6,-1.041772557,1.721144048,10.57210122,159713782.5
26-Dec-2023,55111478.12,11835210.17,9429489.755,13470265.46,13747557.64,32680901.54,8604151.754,16316140.93,52,161195195.4,12,153767527.6,0.9275423035,0.7616701962,10.57210122,161195195.4
27-Dec-2023,56696944.67,11866986.29,9401366.01,13439122.05,13739742.09,32319098.46,8618468.146,16404540.83,52,161195195.4,12,153767527.6,0.8009377527,0.7616701962,10.57210122,162486268.5
28-Dec-2023,58158546.66,11848032.11,9375251.105,13410944.68,13731926.53,30907473.31,8797423.049,16709488.68,52,161195195.4,12,153767527.6,0.2786805237,0.7616701962,10.57210122,162939086.1
29-Dec-2023,57052023.12,11802876.57,9359180.394,13496959.81,13755373.19,31168446.03,8697208.303,16702652,52,161195195.4,12,153767527.6,-0.5550336197,0.7616701962,10.57210122,162034719.4
01-Jan-2024,58480594.55,11807893.86,9423463.238,13508823.97,13903868.7,31897983.39,8732999.284,16739856.27,1,164495483.3,1,164495483.3,1.518664547,2.047386016,6.976736789,164495483.3
02-Jan-2024,59834847.23,12261679.12,9455604.661,13486578.67,13817897.62,33131672.6,8747315.676,17353408.8,1,164495483.3,1,164495483.3,2.184571302,2.047386016,6.976736789,168089004.4
03-Jan-2024,59900908.34,12411082.62,9421454.399,13514756.04,13677217.66,33760379.6,8840372.226,17258013.23,1,164495483.3,1,164495483.3,0.4135783538,2.047386016,6.976736789,168784184.1
04-Jan-2024,59388934.76,12480209.61,9698674.166,13458401.31,13813989.84,33321470.94,8897637.795,17292037.65,1,164495483.3,1,164495483.3,-0.2564387467,2.047386016,6.976736789,168351356.1
05-Jan-2024,60082576.38,12413312.52,9789071.916,13362005.04,13724110.98,33795966.79,8811739.442,17905113.2,1,164495483.3,1,164495483.3,0.9103224592,2.047386016,6.976736789,169883896.3
08-Jan-2024,59083402.15,12378749.02,9738850.944,13191457.81,13661586.56,33950177.94,8804581.245,17798429.15,2,168607234.8,1,164495483.3,-0.7514905686,2.499613653,6.976736789,168607234.8
09-Jan-2024,61494632.54,12374289.22,9728806.75,13826190.12,13708479.87,34104389.09,8876163.207,17886352.07,2,168607234.8,1,164495483.3,2.01181643,2.499613653,6.976736789,171999302.9
10-Jan-2024,63137902.56,12413870,9680594.616,13740175,14181320.83,33748517.2,9398711.525,18071578.48,2,168607234.8,1,164495483.3,1.379870322,2.499613653,6.976736789,174372670.2
11-Jan-2024,62782824.11,12131787.27,10106468.46,13679371.2,14060179.76,33345195.73,9255547.602,18895637.24,2,168607234.8,1,164495483.3,-0.06632853023,2.499613653,6.976736789,174257011.4
12-Jan-2024,64525185.8,12298472.52,10247087.18,13790597.66,13884329.82,33635824.44,9291338.583,19005183.16,2,168607234.8,1,164495483.3,1.38933163,2.499613653,6.976736789,176678019.1
15-Jan-2024,64310487.2,12445646.11,10717155.48,14216224.23,14044548.65,34994068.8,9198282.033,18811212.16,3,178737624.7,1,164495483.3,1.165739541,6.008277091,6.976736789,178737624.7
16-Jan-2024,63542526.84,12758947.49,9997991.161,13964110.93,13907776.48,34650059.31,9105225.483,18763196.39,3,178737624.7,1,164495483.3,-1.145696442,6.008277091,6.976736789,176689834.1
17-Jan-2024,60759702.73,12658601.85,9744877.461,13760937.27,14071903.09,34721233.69,9033643.522,18817094.89,3,178737624.7,1,164495483.3,-1.766847311,6.008277091,6.976736789,173567994.5
18-Jan-2024,59810074.32,12705429.81,9773001.205,13700133.47,13985932,34839857.65,9098067.287,18666369.88,3,178737624.7,1,164495483.3,-0.5698797522,6.008277091,6.976736789,172578865.6
19-Jan-2024,59777043.77,12649682.24,9893531.539,14056058.13,13790543.18,33546856.47,9005010.737,18886256.68,3,178737624.7,1,164495483.3,-0.5643117951,6.008277091,6.976736789,171604982.7
20-Jan-2024,60214698.6,12526480.1,9901566.894,13802461.81,13829620.95,32010676.16,8861846.815,19497424.32,3,178737624.7,1,164495483.3,-0.5595450002,6.008277091,6.976736789,170644775.6
23-Jan-2024,59686209.74,12057085.52,9658497.389,13370903.16,13939038.69,31465005.93,8811739.442,19240492.24,4,168228972.1,1,164495483.3,-1.415691467,-5.879373516,6.976736789,168228972.1
24-Jan-2024,58158546.66,12263909.02,9632382.483,13394631.47,14075810.86,31874258.6,8818897.638,18451252.86,4,168228972.1,1,164495483.3,-0.9268810823,-5.879373516,6.976736789,166669689.6
25-Jan-2024,59702725.02,12015832.31,9636400.161,13434672.99,13673309.89,30053380.78,8962061.56,18040256.93,4,168228972.1,1,164495483.3,-0.6906174395,-5.879373516,6.976736789,165518639.6
29-Jan-2024,58620974.4,12063775.23,10084371.23,14057541.15,13728018.76,30818505.34,8797423.049,18727741.03,5,166898350.2,1,164495483.3,0.8335680778,-0.7909588346,6.976736789,166898350.2
30-Jan-2024,58620974.4,12247184.75,9951787.867,14088684.56,13520906.6,30266903.91,8833214.03,18383204.02,5,166898350.2,1,164495483.3,-0.5904732105,-0.7909588346,6.976736789,165912860.1
31-Jan-2024,60677126.34,12436726.5,9973885.094,13956695.83,13810082.06,30255041.52,8725841.088,17853122.62,5,166898350.2,1,164495483.3,1.070237057,-0.7909588346,6.976736789,167688521.1
01-Feb-2024,57836498.76,12627940.68,10140618.72,13709031.59,13868698.71,30308422.3,8833214.03,18856048.08,5,166898350.2,2,166180472.9,-0.8993150926,-0.7909588346,1.024337926,166180472.9
02-Feb-2024,55169281.59,12305719.7,10196866.21,14398635.62,14056271.98,30907473.31,9090909.091,18139309.34,5,166898350.2,2,166180472.9,-1.152967016,-0.7909588346,1.024337926,164264466.8
05-Feb-2024,57456647.4,12490244.17,11615106.47,14539522.47,14083626.42,31619217.08,9312813.171,18271273.21,6,169388450.4,2,166180472.9,3.119349944,1.491986108,1.024337926,169388450.4
06-Feb-2024,56127167.63,12425576.99,10885897.95,15540560.58,14736225.09,31411625.15,10014316.39,19685353.6,6,169388450.4,2,166180472.9,0.8490974341,1.491986108,1.024337926,170826723.4
07-Feb-2024,54500412.88,12362024.75,10787464.85,15915764.5,15932004.69,31482799.53,9935576.235,19548142.97,6,169388450.4,2,166180472.9,-0.2122226425,1.491986108,1.024337926,170464190.4
08-Feb-2024,55697770.44,12647452.34,10558457.21,15454545.45,16264165.69,31441281.14,10157480.31,19882981.43,6,169388450.4,2,166180472.9,0.9620458219,1.491986108,1.024337926,172104134
08-Feb-2024,55672997.52,13369940.91,10968260.35,15063028.33,15130910.51,31008303.68,10436649.96,19873759.86,6,169388450.4,2,166180472.9,-0.3371696466,1.491986108,1.024337926,171523851.1
09-Feb-2024,58142031.38,13663730.63,10905986.34,15209847.25,15009769.44,30302491.1,10093056.55,19685194.61,6,169388450.4,2,166180472.9,0.867667193,1.491986108,1.024337926,173012107.3
12-Feb-2024,59116432.7,13555022.86,10958216.15,15177220.82,14872997.26,30830367.73,10272011.45,19105825.49,7,173888094.5,2,166180472.9,0.5063155336,2.65640548,1.024337926,173888094.5
13-Feb-2024,60099091.66,13330360.13,10968260.35,15456028.47,14275107.46,28914590.75,9871152.469,18926481.81,7,173888094.5,2,166180472.9,-1.177206166,2.65640548,1.024337926,171841073.1
14-Feb-2024,60528488.85,13024863.42,11010445.96,15499036.04,15556858.15,29744958.48,9527559.055,18682110.15,7,173888094.5,2,166180472.9,1.008633718,2.65640548,1.024337926,173574320.1
15-Feb-2024,60156895.13,12940684.58,10924065.89,15211330.27,15588120.36,30100830.37,9663564.782,18639659.12,7,173888094.5,2,166180472.9,-0.201164325,2.65640548,1.024337926,173225150.5
16-Feb-2024,64682080.92,12874344.97,11008437.12,15500519.06,15674091.44,30729537.37,9992841.804,19018220.55,7,173888094.5,2,166180472.9,3.610862929,2.65640548,1.024337926,179480073.2
19-Feb-2024,63517753.92,12848143.61,11317798.31,15258786.89,15423993.75,31120996.44,10107372.94,19758331.21,8,179353177.1,2,166180472.9,-0.07070208996,3.142873364,1.024337926,179353177.1
20-Feb-2024,61791907.51,13841565.39,11655283.25,14885065.99,16248534.58,30984578.89,10357909.81,19407752.48,8,179353177.1,2,166180472.9,-0.1006835648,3.142873364,1.024337926,179172597.9
21-Feb-2024,60206440.96,13780243.06,12167537.16,15094171.73,16490816.73,31221826.81,10465282.75,18624872.81,8,179353177.1,2,166180472.9,-0.6258802476,3.142873364,1.024337926,178051192
22-Feb-2024,62138728.32,13774110.83,13417034.95,15270651.05,16002344.67,30658362.99,10272011.45,18504833.38,8,179353177.1,2,166180472.9,1.115906952,3.142873364,1.024337926,180038077.6
23-Feb-2024,63393889.35,13606310.63,13169947.77,15510900.19,16033606.88,31619217.08,10014316.39,18750476.98,8,179353177.1,2,166180472.9,1.144528791,3.142873364,1.024337926,182098665.3
26-Feb-2024,63526011.56,13721708.11,12796303.74,15513866.23,16397030.09,31862396.2,10193271.3,18701348.26,9,182711935.5,2,166180472.9,0.3367790833,1.872706389,1.024337926,182711935.5
27-Feb-2024,62650701.9,13576764.41,12386500.6,15011122.65,16221180.15,32366548.04,10057265.57,18621851.95,9,182711935.5,2,166180472.9,-0.9961036273,1.872706389,1.024337926,180891935.3
28-Feb-2024,61189099.92,13541085.96,12454801.12,15119383.06,16580695.58,31488730.72,10372226.2,18805329.43,9,182711935.5,2,166180472.9,-0.7410961988,1.872706389,1.024337926,179551352
29-Feb-2024,62510322.05,13321997.99,12772197.67,15318107.67,15889019.15,30344009.49,10307802.43,19092470.11,9,182711935.5,2,166180472.9,0.002547767253,1.872706389,1.024337926,179555926.6
01-Mar-2024,65540875.31,13248968.67,13188027.32,15542043.6,16158655.72,30860023.72,10171796.71,19335251.84,9,182711935.5,3,184045642.9,2.500455668,1.872706389,10.75046286,184045642.9
02-Mar-2024,65970272.5,13304158.77,12961028.53,15322556.73,16494724.5,31648873.07,10042949.18,19486771.81,9,182711935.5,3,184045642.9,0.6442381175,1.872706389,10.75046286,185231335.1
04-Mar-2024,68109000.83,13301928.87,12924869.43,15003707.55,16369675.65,32123368.92,10021474.59,19403141.69,10,187257167.5,3,184045642.9,1.093676961,2.487649222,10.75046286,187257167.5
05-Mar-2024,67539223.78,13367711,13111691.44,14799050.87,16314966.78,32443653.62,10229062.28,20119880.44,10,187257167.5,3,184045642.9,0.3567674859,2.487649222,10.75046286,187925240.2
06-Mar-2024,66597853.01,13399487.12,13415026.11,14670028.18,16709652.21,30349940.69,10014316.39,20002861.87,10,187257167.5,3,184045642.9,-1.471901606,2.487649222,10.75046286,185159165.6
07-Mar-2024,66994219.65,13264577.99,14288871.03,14152454.4,16014068,30005931.2,10078740.16,20824217.76,10,187257167.5,3,184045642.9,0.2505490859,2.487649222,10.75046286,185623080.2
11-Mar-2024,67621800.17,13364923.63,14537967.06,14079786.45,16057053.54,30355871.89,10035790.98,20737725.77,11,186790919.5,3,184045642.9,0.6291455147,-0.2489880979,10.75046286,186790919.5
12-Mar-2024,65450041.29,13240606.53,13186018.48,13155865.34,15439624.85,29483985.77,9692197.566,20570783.52,11,186790919.5,3,184045642.9,-3.518263167,-0.2489880979,10.75046286,180219123.3
13-Mar-2024,63005780.35,13264020.51,13593812.78,13362005.04,15619382.57,29602609.73,9470293.486,20258681,11,186790919.5,3,184045642.9,-1.133363566,-0.2489880979,10.75046286,178176585.5
14-Mar-2024,64426094.14,13125766.53,13850944.15,13339759.75,14998046.11,27336892.05,9255547.602,21362566.78,11,186790919.5,3,184045642.9,-0.2699391431,-0.2489880979,10.75046286,177695617.1
15-Mar-2024,63715937.24,12635187.87,14164323.02,13043155.87,16045330.21,26749703.44,8811739.442,21096254.13,11,186790919.5,3,184045642.9,-0.8069900186,-0.2489880979,10.75046286,176261631.2
18-Mar-2024,61114781.17,13192106.14,14194455.6,13049087.94,16541617.82,26589561.09,9105225.483,20680011.45,12,174466846.7,3,184045642.9,-1.018250258,-6.597790082,10.75046286,174466846.7
19-Mar-2024,61618497.11,12995874.68,13559662.52,13252261.6,16256350.14,26625148.28,8933428.776,20672379.8,12,174466846.7,3,184045642.9,-0.3171054056,-6.597790082,10.75046286,173913602.9
20-Mar-2024,60578034.68,12989742.45,13607874.65,13799495.77,15787416.96,27052194.54,8911954.187,21184018.06,12,174466846.7,3,184045642.9,-0.001651165225,-6.597790082,10.75046286,173910731.3
21-Mar-2024,60734929.81,12756717.58,13846926.48,13875129.76,15728800.31,27674970.34,8861846.815,23028491.48,12,174466846.7,3,184045642.9,1.49334159,-6.597790082,10.75046286,176507812.6
22-Mar-2024,62469033.86,12944029.43,13907191.64,13477680.56,15791324.74,28766310.79,8804581.245,22827365.81,12,174466846.7,3,184045642.9,1.404870107,-6.597790082,10.75046286,178987518.1
26-Mar-2024,63616845.58,13091203.03,14089995.98,13706065.55,16053145.76,28754448.4,8983536.149,22212382.35,13,180507622.8,3,184045642.9,0.849279736,3.462420631,10.75046286,180507622.8
27-Mar-2024,66201486.37,13335377.41,14212535.15,15060062.29,16209456.82,28481613.29,9155332.856,22272640.55,13,180507622.8,3,184045642.9,2.44913864,3.462420631,10.75046286,184928504.7
28-Mar-2024,68563170.93,13389452.56,14341100.84,15497553.02,16006252.44,28238434.16,9277022.19,22168977.36,13,180507622.8,3,184045642.9,1.380781603,3.462420631,10.75046286,187481963.5
01-Apr-2024,70652353.43,13438510.42,14347127.36,15862375.8,16291520.13,28505338.08,9348604.152,22335124.65,14,190780954,4,190780954,1.75963087,5.691355886,3.659587376,190780954
02-Apr-2024,70338563.17,13796409.86,14347127.36,16016609.82,16408753.42,29383155.4,9463135.29,21816490.71,14,190780954,4,190780954,0.4137158324,5.691355886,3.659587376,191570245
03-Apr-2024,70784475.64,13837105.59,14515869.83,16072964.56,17362250.88,29721233.69,9663564.782,22021591.2,14,190780954,4,190780954,1.257403586,5.691355886,3.659587376,193979056.2
04-Apr-2024,70825763.83,13753484.22,14993973.48,16305798.61,17354435.33,29964412.81,9813886.9,21867368.35,14,190780954,4,190780954,0.4640023501,5.691355886,3.659587376,194879123.5
05-Apr-2024,71172584.64,13650908.69,14835275.21,16547530.77,16873778.82,30207591.93,10114531.14,22650884,14,190780954,4,190780954,0.6024050409,5.691355886,3.659587376,196053085.2
08-Apr-2024,71098265.9,14228453.56,14773001.21,16138217.41,17413051.97,30195729.54,10107372.94,23978154.41,15,197932246.9,4,190780954,0.958496388,3.748431264,3.659587376,197932246.9
09-Apr-2024,71585466.56,14656594.94,14883487.34,16421474.12,17327080.89,30308422.3,10071581.96,24603949.38,15,197932246.9,4,190780954,0.9729645269,3.748431264,3.659587376,199858057.5
10-Apr-2024,70305532.62,14433047.16,14953796.71,16026990.95,17350527.55,30699881.38,10014316.39,23826952.43,15,197932246.9,4,190780954,-1.124304085,3.748431264,3.659587376,197611045.2
12-Apr-2024,69025598.68,14741331.25,14234632.38,15540560.58,17241109.81,30806642.94,9785254.116,23352359.45,15,197932246.9,4,190780954,-1.459207896,3.748431264,3.659587376,194727489.2
15-Apr-2024,70644095.79,14838332.03,14537967.06,15644371.94,17198124.27,30646500.59,9849677.881,22891598.83,16,196250668.4,4,190780954,0.7822106594,-0.8495728098,3.659587376,196250668.4
16-Apr-2024,69165978.53,14929200.58,15202892.73,15300311.43,17303634.23,29774614.47,9964209.019,24046521.24,16,196250668.4,4,190780954,-0.2870340043,-0.8495728098,3.659587376,195687362.2
18-Apr-2024,68249380.68,14802653.58,14869425.47,15034850.96,17342712,28926453.14,9856836.077,26356366.06,16,196250668.4,4,190780954,-0.1270824347,-0.8495728098,3.659587376,195438678
19-Apr-2024,66416184.97,14957074.37,15375652.87,15289930.3,17307542.01,29175563.46,10136005.73,26232510.81,16,196250668.4,4,190780954,-0.2805040736,-0.8495728098,3.659587376,194890464.5
22-Apr-2024,67473162.68,15077489.13,15586580.96,14862820.7,17112153.18,30148279.95,10028632.78,25856652.25,17,196145771.6,4,190780954,0.644109049,-0.05345039211,3.659587376,196145771.6
23-Apr-2024,66341866.23,14917493.59,15341502.61,14968115.08,17033997.66,30634638.2,10042949.18,25672538.79,17,196145771.6,4,190780954,-0.6080530285,-0.05345039211,3.659587376,194953101.3
24-Apr-2024,68480594.55,14817147.95,15359582.16,14867269.76,17045720.98,31186239.62,9964209.019,26115333.25,17,196145771.6,4,190780954,1.478815134,-0.05345039211,3.659587376,197836097.3
25-Apr-2024,69661436.83,14761400.38,15337484.93,14721933.86,17233294.26,31109134.05,10178954.9,29666433.48,17,196145771.6,4,190780954,2.443424353,-0.05345039211,3.659587376,202670072.7
26-Apr-2024,69000825.76,15021184.08,15287263.96,14711552.72,17475576.4,31192170.82,10157480.31,28352359.45,17,196145771.6,4,190780954,-0.7261354156,-0.05345039211,3.659587376,201198413.5
29-Apr-2024,69265070.19,14811573.2,15146645.24,14778288.6,17397420.87,31482799.53,10050107.37,27556601.37,18,200488506.4,4,190780954,-0.3528393355,2.214034331,3.659587376,200488506.4
30-Apr-2024,67985136.25,14923625.82,15253113.7,14813881.06,17037905.43,31186239.62,9957050.823,30459011.7,18,200488506.4,4,190780954,0.5623554549,2.214034331,3.659587376,201615964.4
02-May-2024,68389760.53,14873453,15102450.78,14680409.31,17084798.75,30877817.32,9957050.823,31111199.44,18,200488506.4,5,202076940,0.228640401,2.214034331,5.920919101,202076940
03-May-2024,68009909.17,14934775.34,14875451.99,14268129.91,17080890.97,31678529.06,9885468.862,30941872.3,18,200488506.4,5,202076940,-0.1988907606,2.214034331,5.920919101,201675027.6
06-May-2024,67068538.4,15062994.76,14312977.1,14035295.86,17065259.87,31381969.16,9863994.273,29366732.38,19,198157761.8,5,202076940,-1.744026437,-1.162532757,5.920919101,198157761.8
07-May-2024,66069364.16,14914706.21,14270791.48,14278511.05,16404845.64,30148279.95,9799570.508,28266026.46,19,198157761.8,5,202076940,-2.02145316,-1.162532757,5.920919101,194152095.5
08-May-2024,64161849.71,14899096.89,13877059.06,13843986.36,16318874.56,29181494.66,9828203.293,28369530.65,19,198157761.8,5,202076940,-1.891300874,-1.162532757,5.920919101,190480095.2
09-May-2024,64954582.99,14419667.74,13975492.17,14041227.94,16092223.52,29359430.61,9735146.743,28470967.95,19,198157761.8,5,202076940,0.298532229,-1.162532757,5.920919101,191048739.7
10-May-2024,65590421.14,14677779.02,13714343.11,13627465.52,15810863.62,28457888.49,9871152.469,27859959.3,19,198157761.8,5,202076940,-0.753141317,-1.162532757,5.920919101,189609872.7
13-May-2024,67803468.21,14318764.63,14160305.34,13886993.92,16228995.7,28926453.14,9813886.9,30020828.03,20,195159695.9,5,202076940,2.926969541,-1.512969207,5.920919101,195159695.9
14-May-2024,66077621.8,14638755.71,14216552.83,14008601.51,16510355.61,29056939.5,9663564.782,31119944.03,20,195159695.9,5,202076940,0.06796480212,-1.512969207,5.920919101,195292335.8
15-May-2024,65615194.05,14475415.32,14264764.97,13848435.41,16604142.24,29543297.75,9613457.409,34169581.53,20,195159695.9,5,202076940,1.455230123,-1.512969207,5.920919101,198134288.7
16-May-2024,67572254.34,14382316.87,14351145.04,14325967.67,16826885.5,29620403.32,9763779.527,35737089.8,20,195159695.9,5,202076940,2.24370724,-1.512969207,5.920919101,202579842.1
17-May-2024,67894302.23,14230125.99,14552028.93,14493548.87,16678390,29851720.05,9828203.293,35244530.65,20,195159695.9,5,202076940,0.09527499723,-1.512969207,5.920919101,202772850
18-May-2024,68521882.74,14355000.56,14373242.27,14334865.79,16506447.83,29863582.44,9949892.627,36181792.16,20,195159695.9,5,202076940,0.6479449376,-1.512969207,5.920919101,204086706.4
21-May-2024,68241123.04,14513323.67,14369224.59,14285926.15,16486908.95,29916963.23,9828203.293,34444479.78,21,202086152.7,5,202076940,-0.9802469579,3.549122564,5.920919101,202086152.7
22-May-2024,66308835.67,14603077.27,14775010.04,14753077.27,16615865.57,29661921.71,9906943.45,32862503.18,21,202086152.7,5,202076940,-1.286044835,3.549122564,5.920919101,199487234.2
23-May-2024,66028075.97,14571858.62,14680594.62,14490582.83,16510355.61,29816132.86,9914101.646,35250095.4,21,202086152.7,5,202076940,0.8895623792,3.549122564,5.920919101,201261797.5
24-May-2024,66556564.82,14700635.52,14465648.85,14162835.53,16311059.01,30172004.75,9799570.508,35150884,21,202086152.7,5,202076940,0.02852277352,3.549122564,5.920919101,201319203
27-May-2024,66383154.42,14592485.23,14337083.17,14093133.62,16127393.51,30201660.74,9785254.116,34313310.86,22,199833475.7,5,202076940,-0.7379958359,-1.114711226,5.920919101,199833475.7
28-May-2024,67126341.87,14469283.09,14029730.82,13989322.26,16068776.87,30053380.78,9742304.939,33187007.12,22,199833475.7,5,202076940,-0.5841503355,-1.114711226,5.920919101,198666147.7
29-May-2024,66465730.8,14456461.14,13971474.49,13872163.73,15932004.69,29833926.45,9713672.155,34099783.77,22,199833475.7,5,202076940,-0.1615426269,-1.114711226,5.920919101,198345217.2
30-May-2024,65202312.14,14714572.42,13834873.44,14127243.07,15486518.17,29472123.37,9606299.213,33878784.02,22,199833475.7,5,202076940,-1.019682456,-1.114711226,5.920919101,196322725.8
31-May-2024,63559042.11,14427472.4,14306950.58,14128726.09,15416178.19,28766310.79,9534717.251,34237948.36,22,199833475.7,5,202076940,-0.9909092521,-1.114711226,5.920919101,194377345.8
03-Jun-2024,64153592.07,13930204.04,13376858.18,13674922.14,15486518.17,29145907.47,9549033.643,35302562.96,23,194619598.7,6,194619598.7,0.1246302066,-2.609110894,-3.690347493,194619598.7
04-Jun-2024,64566473.99,12845913.7,13885094.42,14014533.59,15943728.02,30990510.08,9685039.37,31163667.01,23,194619598.7,6,194619598.7,-0.7833941242,-2.609110894,-3.690347493,193094960.2
05-Jun-2024,62535094.96,12568848.25,14037766.17,14714518.76,15435717.08,26595492.29,9685039.37,32558032.31,23,194619598.7,6,194619598.7,-2.570989412,-2.609110894,-3.690347493,188130509.2
06-Jun-2024,66482246.08,12708774.67,14188429.09,15251371.79,16334505.67,28967971.53,9241231.21,33221985.5,23,194619598.7,6,194619598.7,4.393761743,-2.609110894,-3.690347493,196396515.5
07-Jun-2024,66003303.06,13115731.97,14075934.11,15189084.98,16041422.43,28908659.55,9183965.641,33352200.46,23,194619598.7,6,194619598.7,-0.2679341561,-2.609110894,-3.690347493,195870302.2
10-Jun-2024,67357555.74,12952949.05,14071916.43,15011122.65,16318874.56,29804270.46,9613457.409,33317540.07,24,198447686.4,6,194619598.7,1.315862663,1.966958987,-3.690347493,198447686.4
11-Jun-2024,67588769.61,13041587.69,14501807.96,15353700.13,17013677.22,30011862.4,9720830.351,32968710.25,24,198447686.4,6,194619598.7,0.8834868666,1.966958987,-3.690347493,200200945.6
12-Jun-2024,67539223.78,13119634.3,14495781.44,15197983.09,16845642.83,30088967.97,9819613.457,33354426.35,24,198447686.4,6,194619598.7,0.1300331595,1.966958987,-3.690347493,200461273.2
13-Jun-2024,66754748.14,13086185.75,14343109.68,15025952.84,17327080.89,30721233.69,9841088.046,34440504.96,24,198447686.4,6,194619598.7,0.5380743932,1.966958987,-3.690347493,201539904
14-Jun-2024,65796862.1,13150295.46,14592205.71,14724899.9,17355216.88,30822064.06,9881173.944,35264245.74,24,198447686.4,6,194619598.7,0.02335010563,1.966958987,-3.690347493,201586963.8
18-Jun-2024,66143682.91,13377188.09,14395339.49,14704137.62,16923016.8,30561091.34,10396564.07,36096095.14,25,202597115.5,6,194619598.7,0.5010997072,2.090943554,-3.690347493,202597115.5
19-Jun-2024,70024772.91,13171479.54,14686621.13,14890998.07,16932395.47,30819691.58,10581245.53,36173206.56,25,202597115.5,6,194619598.7,2.311629816,2.090943554,-3.690347493,207280410.8
20-Jun-2024,69950454.17,12965213.51,14499799.12,15352217.11,16793278.62,31567022.54,11274158.91,34893315.95,25,202597115.5,6,194619598.7,0.007260282757,2.090943554,-3.690347493,207295459.9
21-Jun-2024,71213872.83,12636860.3,14276818,15248405.75,16908948.81,31683274.02,10986399.43,35325457.9,25,202597115.5,6,194619598.7,0.4749631755,2.090943554,-3.690347493,208280037
24-Jun-2024,74814203.14,12548221.65,14425472.08,14898413.17,16922235.25,31271648.87,10856120.26,36903300.69,26,212639615.1,6,194619598.7,2.093132941,4.956881845,-3.690347493,212639615.1
25-Jun-2024,73674649.05,12670308.84,14312977.1,15068960.4,16941774.13,30441281.14,10893342.88,36297697.79,26,212639615.1,6,194619598.7,-1.099806249,4.956881845,-3.690347493,210300991.3
26-Jun-2024,72361684.56,12547664.18,14206508.64,14806465.96,16958186.79,30097271.65,10880458.12,40164557.36,26,212639615.1,6,194619598.7,0.8187341049,4.956881845,-3.690347493,212022797.3
27-Jun-2024,75417010.73,12283978.15,14389312.98,14868752.78,16722938.65,30563463.82,10824624.19,40005882.73,26,212639615.1,6,194619598.7,1.44001815,4.956881845,-3.690347493,215075964
28-Jun-2024,78662262.59,12345857.96,14389312.98,14868752.78,16538491.6,31193357.06,10800286.33,41056982.96,26,212639615.1,6,194619598.7,2.222163801,4.956881845,-3.690347493,219855304.2